species,atom1,atom2,wiberg_bond_order
Ac2_rdkit_conf_1,1,0,1.0034
Ac2_rdkit_conf_1,2,0,0.0060
Ac2_rdkit_conf_1,2,1,1.0034
Ac2_rdkit_conf_1,3,0,0.0065
Ac2_rdkit_conf_1,3,1,1.0062
Ac2_rdkit_conf_1,3,2,0.0065
Ac2_rdkit_conf_1,4,0,0.0179
Ac2_rdkit_conf_1,4,1,0.8445
Ac2_rdkit_conf_1,4,2,0.0181
Ac2_rdkit_conf_1,4,3,0.0109
Ac2_rdkit_conf_1,5,0,0.0031
Ac2_rdkit_conf_1,5,1,0.0052
Ac2_rdkit_conf_1,5,2,0.0031
Ac2_rdkit_conf_1,5,3,0.0084
Ac2_rdkit_conf_1,5,4,1.0302
Ac2_rdkit_conf_1,6,0,0.0038
Ac2_rdkit_conf_1,6,1,0.0046
Ac2_rdkit_conf_1,6,2,0.0038
Ac2_rdkit_conf_1,6,3,0.0008
Ac2_rdkit_conf_1,6,4,0.1308
Ac2_rdkit_conf_1,6,5,1.6496
Ac2_rdkit_conf_1,7,0,0.0013
Ac2_rdkit_conf_1,7,1,0.0132
Ac2_rdkit_conf_1,7,2,0.0012
Ac2_rdkit_conf_1,7,3,0.0003
Ac2_rdkit_conf_1,7,4,0.0365
Ac2_rdkit_conf_1,7,5,1.1119
Ac2_rdkit_conf_1,7,6,0.1295
Ac2_rdkit_conf_1,8,0,0.0001
Ac2_rdkit_conf_1,8,1,0.0013
Ac2_rdkit_conf_1,8,2,0.0001
Ac2_rdkit_conf_1,8,3,0.0002
Ac2_rdkit_conf_1,8,4,0.0105
Ac2_rdkit_conf_1,8,5,0.0071
Ac2_rdkit_conf_1,8,6,0.0041
Ac2_rdkit_conf_1,8,7,1.0006
Ac2_rdkit_conf_1,9,0,0.0001
Ac2_rdkit_conf_1,9,1,0.0001
Ac2_rdkit_conf_1,9,2,0.0001
Ac2_rdkit_conf_1,9,3,0.0000
Ac2_rdkit_conf_1,9,4,0.0021
Ac2_rdkit_conf_1,9,5,0.0052
Ac2_rdkit_conf_1,9,6,0.0044
Ac2_rdkit_conf_1,9,7,0.0258
Ac2_rdkit_conf_1,9,8,0.9472
Ac2_rdkit_conf_1,10,0,0.0000
Ac2_rdkit_conf_1,10,1,0.0001
Ac2_rdkit_conf_1,10,2,0.0000
Ac2_rdkit_conf_1,10,3,0.0000
Ac2_rdkit_conf_1,10,4,0.0007
Ac2_rdkit_conf_1,10,5,0.0019
Ac2_rdkit_conf_1,10,6,0.0010
Ac2_rdkit_conf_1,10,7,0.0094
Ac2_rdkit_conf_1,10,8,0.0578
Ac2_rdkit_conf_1,10,9,1.7841
Ac2_rdkit_conf_1,11,0,0.0001
Ac2_rdkit_conf_1,11,1,0.0000
Ac2_rdkit_conf_1,11,2,0.0000
Ac2_rdkit_conf_1,11,3,0.0000
Ac2_rdkit_conf_1,11,4,0.0002
Ac2_rdkit_conf_1,11,5,0.0011
Ac2_rdkit_conf_1,11,6,0.0008
Ac2_rdkit_conf_1,11,7,0.0022
Ac2_rdkit_conf_1,11,8,0.0151
Ac2_rdkit_conf_1,11,9,1.0499
Ac2_rdkit_conf_1,11,10,0.1548
Ac2_rdkit_conf_1,12,0,0.9349
Ac2_rdkit_conf_1,12,1,0.0045
Ac2_rdkit_conf_1,12,2,0.0002
Ac2_rdkit_conf_1,12,3,0.0008
Ac2_rdkit_conf_1,12,4,0.0110
Ac2_rdkit_conf_1,12,5,0.0007
Ac2_rdkit_conf_1,12,6,0.0007
Ac2_rdkit_conf_1,12,7,0.0009
Ac2_rdkit_conf_1,12,8,0.0001
Ac2_rdkit_conf_1,12,9,0.0000
Ac2_rdkit_conf_1,12,10,0.0000
Ac2_rdkit_conf_1,12,11,0.0000
Ac2_rdkit_conf_1,13,0,0.9259
Ac2_rdkit_conf_1,13,1,0.0013
Ac2_rdkit_conf_1,13,2,0.0010
Ac2_rdkit_conf_1,13,3,0.0101
Ac2_rdkit_conf_1,13,4,0.0010
Ac2_rdkit_conf_1,13,5,0.0001
Ac2_rdkit_conf_1,13,6,0.0013
Ac2_rdkit_conf_1,13,7,0.0002
Ac2_rdkit_conf_1,13,8,0.0000
Ac2_rdkit_conf_1,13,9,0.0000
Ac2_rdkit_conf_1,13,10,0.0000
Ac2_rdkit_conf_1,13,11,0.0000
Ac2_rdkit_conf_1,13,12,0.0004
Ac2_rdkit_conf_1,14,0,0.9384
Ac2_rdkit_conf_1,14,1,0.0015
Ac2_rdkit_conf_1,14,2,0.0111
Ac2_rdkit_conf_1,14,3,0.0007
Ac2_rdkit_conf_1,14,4,0.0016
Ac2_rdkit_conf_1,14,5,0.0001
Ac2_rdkit_conf_1,14,6,0.0001
Ac2_rdkit_conf_1,14,7,0.0000
Ac2_rdkit_conf_1,14,8,0.0000
Ac2_rdkit_conf_1,14,9,0.0000
Ac2_rdkit_conf_1,14,10,0.0000
Ac2_rdkit_conf_1,14,11,0.0000
Ac2_rdkit_conf_1,14,12,0.0004
Ac2_rdkit_conf_1,14,13,0.0002
Ac2_rdkit_conf_1,15,0,0.0111
Ac2_rdkit_conf_1,15,1,0.0015
Ac2_rdkit_conf_1,15,2,0.9384
Ac2_rdkit_conf_1,15,3,0.0008
Ac2_rdkit_conf_1,15,4,0.0015
Ac2_rdkit_conf_1,15,5,0.0001
Ac2_rdkit_conf_1,15,6,0.0001
Ac2_rdkit_conf_1,15,7,0.0000
Ac2_rdkit_conf_1,15,8,0.0000
Ac2_rdkit_conf_1,15,9,0.0000
Ac2_rdkit_conf_1,15,10,0.0000
Ac2_rdkit_conf_1,15,11,0.0000
Ac2_rdkit_conf_1,15,12,0.0003
Ac2_rdkit_conf_1,15,13,0.0002
Ac2_rdkit_conf_1,15,14,0.0010
Ac2_rdkit_conf_1,16,0,0.0003
Ac2_rdkit_conf_1,16,1,0.0046
Ac2_rdkit_conf_1,16,2,0.9349
Ac2_rdkit_conf_1,16,3,0.0008
Ac2_rdkit_conf_1,16,4,0.0111
Ac2_rdkit_conf_1,16,5,0.0006
Ac2_rdkit_conf_1,16,6,0.0007
Ac2_rdkit_conf_1,16,7,0.0009
Ac2_rdkit_conf_1,16,8,0.0001
Ac2_rdkit_conf_1,16,9,0.0000
Ac2_rdkit_conf_1,16,10,0.0000
Ac2_rdkit_conf_1,16,11,0.0000
Ac2_rdkit_conf_1,16,12,0.0000
Ac2_rdkit_conf_1,16,13,0.0000
Ac2_rdkit_conf_1,16,14,0.0003
Ac2_rdkit_conf_1,16,15,0.0004
Ac2_rdkit_conf_1,17,0,0.0010
Ac2_rdkit_conf_1,17,1,0.0013
Ac2_rdkit_conf_1,17,2,0.9258
Ac2_rdkit_conf_1,17,3,0.0101
Ac2_rdkit_conf_1,17,4,0.0010
Ac2_rdkit_conf_1,17,5,0.0001
Ac2_rdkit_conf_1,17,6,0.0013
Ac2_rdkit_conf_1,17,7,0.0002
Ac2_rdkit_conf_1,17,8,0.0000
Ac2_rdkit_conf_1,17,9,0.0000
Ac2_rdkit_conf_1,17,10,0.0000
Ac2_rdkit_conf_1,17,11,0.0000
Ac2_rdkit_conf_1,17,12,0.0000
Ac2_rdkit_conf_1,17,13,0.0001
Ac2_rdkit_conf_1,17,14,0.0002
Ac2_rdkit_conf_1,17,15,0.0002
Ac2_rdkit_conf_1,17,16,0.0004
Ac2_rdkit_conf_1,18,0,0.0111
Ac2_rdkit_conf_1,18,1,0.0013
Ac2_rdkit_conf_1,18,2,0.0009
Ac2_rdkit_conf_1,18,3,0.9377
Ac2_rdkit_conf_1,18,4,0.0011
Ac2_rdkit_conf_1,18,5,0.0002
Ac2_rdkit_conf_1,18,6,0.0000
Ac2_rdkit_conf_1,18,7,0.0000
Ac2_rdkit_conf_1,18,8,0.0000
Ac2_rdkit_conf_1,18,9,0.0000
Ac2_rdkit_conf_1,18,10,0.0000
Ac2_rdkit_conf_1,18,11,0.0000
Ac2_rdkit_conf_1,18,12,0.0004
Ac2_rdkit_conf_1,18,13,0.0010
Ac2_rdkit_conf_1,18,14,0.0001
Ac2_rdkit_conf_1,18,15,0.0001
Ac2_rdkit_conf_1,18,16,0.0000
Ac2_rdkit_conf_1,18,17,0.0002
Ac2_rdkit_conf_1,19,0,0.0009
Ac2_rdkit_conf_1,19,1,0.0013
Ac2_rdkit_conf_1,19,2,0.0112
Ac2_rdkit_conf_1,19,3,0.9381
Ac2_rdkit_conf_1,19,4,0.0010
Ac2_rdkit_conf_1,19,5,0.0002
Ac2_rdkit_conf_1,19,6,0.0000
Ac2_rdkit_conf_1,19,7,0.0000
Ac2_rdkit_conf_1,19,8,0.0000
Ac2_rdkit_conf_1,19,9,0.0000
Ac2_rdkit_conf_1,19,10,0.0000
Ac2_rdkit_conf_1,19,11,0.0000
Ac2_rdkit_conf_1,19,12,0.0000
Ac2_rdkit_conf_1,19,13,0.0002
Ac2_rdkit_conf_1,19,14,0.0001
Ac2_rdkit_conf_1,19,15,0.0002
Ac2_rdkit_conf_1,19,16,0.0004
Ac2_rdkit_conf_1,19,17,0.0010
Ac2_rdkit_conf_1,19,18,0.0002
Ac2_rdkit_conf_1,20,0,0.0004
Ac2_rdkit_conf_1,20,1,0.0036
Ac2_rdkit_conf_1,20,2,0.0004
Ac2_rdkit_conf_1,20,3,0.9383
Ac2_rdkit_conf_1,20,4,0.0103
Ac2_rdkit_conf_1,20,5,0.0007
Ac2_rdkit_conf_1,20,6,0.0004
Ac2_rdkit_conf_1,20,7,0.0005
Ac2_rdkit_conf_1,20,8,0.0001
Ac2_rdkit_conf_1,20,9,0.0000
Ac2_rdkit_conf_1,20,10,0.0000
Ac2_rdkit_conf_1,20,11,0.0000
Ac2_rdkit_conf_1,20,12,0.0001
Ac2_rdkit_conf_1,20,13,0.0003
Ac2_rdkit_conf_1,20,14,0.0000
Ac2_rdkit_conf_1,20,15,0.0000
Ac2_rdkit_conf_1,20,16,0.0001
Ac2_rdkit_conf_1,20,17,0.0003
Ac2_rdkit_conf_1,20,18,0.0003
Ac2_rdkit_conf_1,20,19,0.0003
Ac2_rdkit_conf_1,21,0,0.0000
Ac2_rdkit_conf_1,21,1,0.0005
Ac2_rdkit_conf_1,21,2,0.0000
Ac2_rdkit_conf_1,21,3,0.0001
Ac2_rdkit_conf_1,21,4,0.0006
Ac2_rdkit_conf_1,21,5,0.0019
Ac2_rdkit_conf_1,21,6,0.0117
Ac2_rdkit_conf_1,21,7,0.8088
Ac2_rdkit_conf_1,21,8,0.0033
Ac2_rdkit_conf_1,21,9,0.0004
Ac2_rdkit_conf_1,21,10,0.0003
Ac2_rdkit_conf_1,21,11,0.0001
Ac2_rdkit_conf_1,21,12,0.0000
Ac2_rdkit_conf_1,21,13,0.0000
Ac2_rdkit_conf_1,21,14,0.0000
Ac2_rdkit_conf_1,21,15,0.0000
Ac2_rdkit_conf_1,21,16,0.0000
Ac2_rdkit_conf_1,21,17,0.0000
Ac2_rdkit_conf_1,21,18,0.0000
Ac2_rdkit_conf_1,21,19,0.0000
Ac2_rdkit_conf_1,21,20,0.0000
Ac2_rdkit_conf_1,22,0,0.0000
Ac2_rdkit_conf_1,22,1,0.0003
Ac2_rdkit_conf_1,22,2,0.0000
Ac2_rdkit_conf_1,22,3,0.0000
Ac2_rdkit_conf_1,22,4,0.0003
Ac2_rdkit_conf_1,22,5,0.0077
Ac2_rdkit_conf_1,22,6,0.0015
Ac2_rdkit_conf_1,22,7,0.0033
Ac2_rdkit_conf_1,22,8,0.9105
Ac2_rdkit_conf_1,22,9,0.0048
Ac2_rdkit_conf_1,22,10,0.0095
Ac2_rdkit_conf_1,22,11,0.0044
Ac2_rdkit_conf_1,22,12,0.0000
Ac2_rdkit_conf_1,22,13,0.0000
Ac2_rdkit_conf_1,22,14,0.0000
Ac2_rdkit_conf_1,22,15,0.0000
Ac2_rdkit_conf_1,22,16,0.0000
Ac2_rdkit_conf_1,22,17,0.0000
Ac2_rdkit_conf_1,22,18,0.0000
Ac2_rdkit_conf_1,22,19,0.0000
Ac2_rdkit_conf_1,22,20,0.0000
Ac2_rdkit_conf_1,22,21,0.0019
Ac2_rdkit_conf_1,23,0,0.0000
Ac2_rdkit_conf_1,23,1,0.0000
Ac2_rdkit_conf_1,23,2,0.0000
Ac2_rdkit_conf_1,23,3,0.0000
Ac2_rdkit_conf_1,23,4,0.0008
Ac2_rdkit_conf_1,23,5,0.0021
Ac2_rdkit_conf_1,23,6,0.0027
Ac2_rdkit_conf_1,23,7,0.0089
Ac2_rdkit_conf_1,23,8,0.8988
Ac2_rdkit_conf_1,23,9,0.0045
Ac2_rdkit_conf_1,23,10,0.0053
Ac2_rdkit_conf_1,23,11,0.0057
Ac2_rdkit_conf_1,23,12,0.0000
Ac2_rdkit_conf_1,23,13,0.0000
Ac2_rdkit_conf_1,23,14,0.0000
Ac2_rdkit_conf_1,23,15,0.0000
Ac2_rdkit_conf_1,23,16,0.0000
Ac2_rdkit_conf_1,23,17,0.0000
Ac2_rdkit_conf_1,23,18,0.0000
Ac2_rdkit_conf_1,23,19,0.0000
Ac2_rdkit_conf_1,23,20,0.0000
Ac2_rdkit_conf_1,23,21,0.0074
Ac2_rdkit_conf_1,23,22,0.0013
Ac2_rdkit_conf_1,24,0,0.0000
Ac2_rdkit_conf_1,24,1,0.0000
Ac2_rdkit_conf_1,24,2,0.0000
Ac2_rdkit_conf_1,24,3,0.0000
Ac2_rdkit_conf_1,24,4,0.0000
Ac2_rdkit_conf_1,24,5,0.0001
Ac2_rdkit_conf_1,24,6,0.0001
Ac2_rdkit_conf_1,24,7,0.0006
Ac2_rdkit_conf_1,24,8,0.0157
Ac2_rdkit_conf_1,24,9,0.0019
Ac2_rdkit_conf_1,24,10,0.0049
Ac2_rdkit_conf_1,24,11,0.7311
Ac2_rdkit_conf_1,24,12,0.0000
Ac2_rdkit_conf_1,24,13,0.0000
Ac2_rdkit_conf_1,24,14,0.0000
Ac2_rdkit_conf_1,24,15,0.0000
Ac2_rdkit_conf_1,24,16,0.0000
Ac2_rdkit_conf_1,24,17,0.0000
Ac2_rdkit_conf_1,24,18,0.0000
Ac2_rdkit_conf_1,24,19,0.0000
Ac2_rdkit_conf_1,24,20,0.0000
Ac2_rdkit_conf_1,24,21,0.0000
Ac2_rdkit_conf_1,24,22,0.0001
Ac2_rdkit_conf_1,24,23,0.0003
Ac5_rdkit_conf_3,1,0,1.0038
Ac5_rdkit_conf_3,2,0,0.0071
Ac5_rdkit_conf_3,2,1,0.9917
Ac5_rdkit_conf_3,3,0,0.0072
Ac5_rdkit_conf_3,3,1,0.9229
Ac5_rdkit_conf_3,3,2,0.0080
Ac5_rdkit_conf_3,4,0,0.0046
Ac5_rdkit_conf_3,4,1,0.0518
Ac5_rdkit_conf_3,4,2,0.0106
Ac5_rdkit_conf_3,4,3,1.7807
Ac5_rdkit_conf_3,5,0,0.0075
Ac5_rdkit_conf_3,5,1,0.0143
Ac5_rdkit_conf_3,5,2,0.0023
Ac5_rdkit_conf_3,5,3,1.0367
Ac5_rdkit_conf_3,5,4,0.1491
Ac5_rdkit_conf_3,6,0,0.0066
Ac5_rdkit_conf_3,6,1,0.9704
Ac5_rdkit_conf_3,6,2,0.0081
Ac5_rdkit_conf_3,6,3,0.0150
Ac5_rdkit_conf_3,6,4,0.0121
Ac5_rdkit_conf_3,6,5,0.0047
Ac5_rdkit_conf_3,7,0,0.0077
Ac5_rdkit_conf_3,7,1,0.0057
Ac5_rdkit_conf_3,7,2,0.0059
Ac5_rdkit_conf_3,7,3,0.0062
Ac5_rdkit_conf_3,7,4,0.0037
Ac5_rdkit_conf_3,7,5,0.0016
Ac5_rdkit_conf_3,7,6,1.4002
Ac5_rdkit_conf_3,8,0,0.0005
Ac5_rdkit_conf_3,8,1,0.0094
Ac5_rdkit_conf_3,8,2,0.0008
Ac5_rdkit_conf_3,8,3,0.0005
Ac5_rdkit_conf_3,8,4,0.0005
Ac5_rdkit_conf_3,8,5,0.0007
Ac5_rdkit_conf_3,8,6,0.0098
Ac5_rdkit_conf_3,8,7,1.4529
Ac5_rdkit_conf_3,9,0,0.0003
Ac5_rdkit_conf_3,9,1,0.0012
Ac5_rdkit_conf_3,9,2,0.0029
Ac5_rdkit_conf_3,9,3,0.0035
Ac5_rdkit_conf_3,9,4,0.0018
Ac5_rdkit_conf_3,9,5,0.0003
Ac5_rdkit_conf_3,9,6,0.1088
Ac5_rdkit_conf_3,9,7,0.0086
Ac5_rdkit_conf_3,9,8,1.4287
Ac5_rdkit_conf_3,10,0,0.0010
Ac5_rdkit_conf_3,10,1,0.0090
Ac5_rdkit_conf_3,10,2,0.0003
Ac5_rdkit_conf_3,10,3,0.0007
Ac5_rdkit_conf_3,10,4,0.0003
Ac5_rdkit_conf_3,10,5,0.0005
Ac5_rdkit_conf_3,10,6,0.0100
Ac5_rdkit_conf_3,10,7,0.1149
Ac5_rdkit_conf_3,10,8,0.0087
Ac5_rdkit_conf_3,10,9,1.4510
Ac5_rdkit_conf_3,11,0,0.0024
Ac5_rdkit_conf_3,11,1,0.0059
Ac5_rdkit_conf_3,11,2,0.0107
Ac5_rdkit_conf_3,11,3,0.0099
Ac5_rdkit_conf_3,11,4,0.0028
Ac5_rdkit_conf_3,11,5,0.0013
Ac5_rdkit_conf_3,11,6,1.4228
Ac5_rdkit_conf_3,11,7,0.0102
Ac5_rdkit_conf_3,11,8,0.1122
Ac5_rdkit_conf_3,11,9,0.0087
Ac5_rdkit_conf_3,11,10,1.4287
Ac5_rdkit_conf_3,12,0,0.9305
Ac5_rdkit_conf_3,12,1,0.0010
Ac5_rdkit_conf_3,12,2,0.0100
Ac5_rdkit_conf_3,12,3,0.0014
Ac5_rdkit_conf_3,12,4,0.0004
Ac5_rdkit_conf_3,12,5,0.0004
Ac5_rdkit_conf_3,12,6,0.0007
Ac5_rdkit_conf_3,12,7,0.0003
Ac5_rdkit_conf_3,12,8,0.0001
Ac5_rdkit_conf_3,12,9,0.0000
Ac5_rdkit_conf_3,12,10,0.0002
Ac5_rdkit_conf_3,12,11,0.0007
Ac5_rdkit_conf_3,13,0,0.9380
Ac5_rdkit_conf_3,13,1,0.0012
Ac5_rdkit_conf_3,13,2,0.0007
Ac5_rdkit_conf_3,13,3,0.0111
Ac5_rdkit_conf_3,13,4,0.0019
Ac5_rdkit_conf_3,13,5,0.0003
Ac5_rdkit_conf_3,13,6,0.0009
Ac5_rdkit_conf_3,13,7,0.0004
Ac5_rdkit_conf_3,13,8,0.0001
Ac5_rdkit_conf_3,13,9,0.0000
Ac5_rdkit_conf_3,13,10,0.0002
Ac5_rdkit_conf_3,13,11,0.0007
Ac5_rdkit_conf_3,13,12,0.0002
Ac5_rdkit_conf_3,14,0,0.9356
Ac5_rdkit_conf_3,14,1,0.0011
Ac5_rdkit_conf_3,14,2,0.0011
Ac5_rdkit_conf_3,14,3,0.0011
Ac5_rdkit_conf_3,14,4,0.0001
Ac5_rdkit_conf_3,14,5,0.0002
Ac5_rdkit_conf_3,14,6,0.0103
Ac5_rdkit_conf_3,14,7,0.0002
Ac5_rdkit_conf_3,14,8,0.0004
Ac5_rdkit_conf_3,14,9,0.0002
Ac5_rdkit_conf_3,14,10,0.0000
Ac5_rdkit_conf_3,14,11,0.0015
Ac5_rdkit_conf_3,14,12,0.0003
Ac5_rdkit_conf_3,14,13,0.0003
Ac5_rdkit_conf_3,15,0,0.0095
Ac5_rdkit_conf_3,15,1,0.0011
Ac5_rdkit_conf_3,15,2,0.9346
Ac5_rdkit_conf_3,15,3,0.0011
Ac5_rdkit_conf_3,15,4,0.0002
Ac5_rdkit_conf_3,15,5,0.0002
Ac5_rdkit_conf_3,15,6,0.0011
Ac5_rdkit_conf_3,15,7,0.0004
Ac5_rdkit_conf_3,15,8,0.0002
Ac5_rdkit_conf_3,15,9,0.0000
Ac5_rdkit_conf_3,15,10,0.0001
Ac5_rdkit_conf_3,15,11,0.0006
Ac5_rdkit_conf_3,15,12,0.0011
Ac5_rdkit_conf_3,15,13,0.0002
Ac5_rdkit_conf_3,15,14,0.0003
Ac5_rdkit_conf_3,16,0,0.0009
Ac5_rdkit_conf_3,16,1,0.0014
Ac5_rdkit_conf_3,16,2,0.9358
Ac5_rdkit_conf_3,16,3,0.0108
Ac5_rdkit_conf_3,16,4,0.0018
Ac5_rdkit_conf_3,16,5,0.0019
Ac5_rdkit_conf_3,16,6,0.0008
Ac5_rdkit_conf_3,16,7,0.0002
Ac5_rdkit_conf_3,16,8,0.0000
Ac5_rdkit_conf_3,16,9,0.0000
Ac5_rdkit_conf_3,16,10,0.0000
Ac5_rdkit_conf_3,16,11,0.0002
Ac5_rdkit_conf_3,16,12,0.0003
Ac5_rdkit_conf_3,16,13,0.0001
Ac5_rdkit_conf_3,16,14,0.0000
Ac5_rdkit_conf_3,16,15,0.0003
Ac5_rdkit_conf_3,17,0,0.0008
Ac5_rdkit_conf_3,17,1,0.0010
Ac5_rdkit_conf_3,17,2,0.9381
Ac5_rdkit_conf_3,17,3,0.0009
Ac5_rdkit_conf_3,17,4,0.0003
Ac5_rdkit_conf_3,17,5,0.0002
Ac5_rdkit_conf_3,17,6,0.0105
Ac5_rdkit_conf_3,17,7,0.0013
Ac5_rdkit_conf_3,17,8,0.0002
Ac5_rdkit_conf_3,17,9,0.0007
Ac5_rdkit_conf_3,17,10,0.0004
Ac5_rdkit_conf_3,17,11,0.0008
Ac5_rdkit_conf_3,17,12,0.0002
Ac5_rdkit_conf_3,17,13,0.0000
Ac5_rdkit_conf_3,17,14,0.0001
Ac5_rdkit_conf_3,17,15,0.0002
Ac5_rdkit_conf_3,17,16,0.0002
Ac5_rdkit_conf_3,18,0,0.0006
Ac5_rdkit_conf_3,18,1,0.0156
Ac5_rdkit_conf_3,18,2,0.0005
Ac5_rdkit_conf_3,18,3,0.0021
Ac5_rdkit_conf_3,18,4,0.0045
Ac5_rdkit_conf_3,18,5,0.7305
Ac5_rdkit_conf_3,18,6,0.0001
Ac5_rdkit_conf_3,18,7,0.0002
Ac5_rdkit_conf_3,18,8,0.0000
Ac5_rdkit_conf_3,18,9,0.0001
Ac5_rdkit_conf_3,18,10,0.0000
Ac5_rdkit_conf_3,18,11,0.0004
Ac5_rdkit_conf_3,18,12,0.0000
Ac5_rdkit_conf_3,18,13,0.0006
Ac5_rdkit_conf_3,18,14,0.0000
Ac5_rdkit_conf_3,18,15,0.0001
Ac5_rdkit_conf_3,18,16,0.0001
Ac5_rdkit_conf_3,18,17,0.0000
Ac5_rdkit_conf_3,19,0,0.0007
Ac5_rdkit_conf_3,19,1,0.0022
Ac5_rdkit_conf_3,19,2,0.0004
Ac5_rdkit_conf_3,19,3,0.0002
Ac5_rdkit_conf_3,19,4,0.0002
Ac5_rdkit_conf_3,19,5,0.0007
Ac5_rdkit_conf_3,19,6,0.0029
Ac5_rdkit_conf_3,19,7,0.9159
Ac5_rdkit_conf_3,19,8,0.0027
Ac5_rdkit_conf_3,19,9,0.0092
Ac5_rdkit_conf_3,19,10,0.0008
Ac5_rdkit_conf_3,19,11,0.0112
Ac5_rdkit_conf_3,19,12,0.0000
Ac5_rdkit_conf_3,19,13,0.0000
Ac5_rdkit_conf_3,19,14,0.0001
Ac5_rdkit_conf_3,19,15,0.0004
Ac5_rdkit_conf_3,19,16,0.0000
Ac5_rdkit_conf_3,19,17,0.0000
Ac5_rdkit_conf_3,19,18,0.0001
Ac5_rdkit_conf_3,20,0,0.0003
Ac5_rdkit_conf_3,20,1,0.0003
Ac5_rdkit_conf_3,20,2,0.0000
Ac5_rdkit_conf_3,20,3,0.0000
Ac5_rdkit_conf_3,20,4,0.0000
Ac5_rdkit_conf_3,20,5,0.0000
Ac5_rdkit_conf_3,20,6,0.0094
Ac5_rdkit_conf_3,20,7,0.0028
Ac5_rdkit_conf_3,20,8,0.9232
Ac5_rdkit_conf_3,20,9,0.0026
Ac5_rdkit_conf_3,20,10,0.0091
Ac5_rdkit_conf_3,20,11,0.0006
Ac5_rdkit_conf_3,20,12,0.0000
Ac5_rdkit_conf_3,20,13,0.0000
Ac5_rdkit_conf_3,20,14,0.0000
Ac5_rdkit_conf_3,20,15,0.0000
Ac5_rdkit_conf_3,20,16,0.0000
Ac5_rdkit_conf_3,20,17,0.0000
Ac5_rdkit_conf_3,20,18,0.0000
Ac5_rdkit_conf_3,20,19,0.0030
Ac5_rdkit_conf_3,21,0,0.0000
Ac5_rdkit_conf_3,21,1,0.0006
Ac5_rdkit_conf_3,21,2,0.0000
Ac5_rdkit_conf_3,21,3,0.0000
Ac5_rdkit_conf_3,21,4,0.0000
Ac5_rdkit_conf_3,21,5,0.0000
Ac5_rdkit_conf_3,21,6,0.0007
Ac5_rdkit_conf_3,21,7,0.0091
Ac5_rdkit_conf_3,21,8,0.0026
Ac5_rdkit_conf_3,21,9,0.9234
Ac5_rdkit_conf_3,21,10,0.0026
Ac5_rdkit_conf_3,21,11,0.0093
Ac5_rdkit_conf_3,21,12,0.0000
Ac5_rdkit_conf_3,21,13,0.0000
Ac5_rdkit_conf_3,21,14,0.0000
Ac5_rdkit_conf_3,21,15,0.0000
Ac5_rdkit_conf_3,21,16,0.0000
Ac5_rdkit_conf_3,21,17,0.0000
Ac5_rdkit_conf_3,21,18,0.0000
Ac5_rdkit_conf_3,21,19,0.0003
Ac5_rdkit_conf_3,21,20,0.0029
Ac5_rdkit_conf_3,22,0,0.0001
Ac5_rdkit_conf_3,22,1,0.0003
Ac5_rdkit_conf_3,22,2,0.0002
Ac5_rdkit_conf_3,22,3,0.0001
Ac5_rdkit_conf_3,22,4,0.0001
Ac5_rdkit_conf_3,22,5,0.0000
Ac5_rdkit_conf_3,22,6,0.0091
Ac5_rdkit_conf_3,22,7,0.0007
Ac5_rdkit_conf_3,22,8,0.0092
Ac5_rdkit_conf_3,22,9,0.0026
Ac5_rdkit_conf_3,22,10,0.9232
Ac5_rdkit_conf_3,22,11,0.0027
Ac5_rdkit_conf_3,22,12,0.0000
Ac5_rdkit_conf_3,22,13,0.0000
Ac5_rdkit_conf_3,22,14,0.0000
Ac5_rdkit_conf_3,22,15,0.0000
Ac5_rdkit_conf_3,22,16,0.0000
Ac5_rdkit_conf_3,22,17,0.0000
Ac5_rdkit_conf_3,22,18,0.0000
Ac5_rdkit_conf_3,22,19,0.0006
Ac5_rdkit_conf_3,22,20,0.0004
Ac5_rdkit_conf_3,22,21,0.0029
Ac5_rdkit_conf_3,23,0,0.0014
Ac5_rdkit_conf_3,23,1,0.0027
Ac5_rdkit_conf_3,23,2,0.0004
Ac5_rdkit_conf_3,23,3,0.0002
Ac5_rdkit_conf_3,23,4,0.0001
Ac5_rdkit_conf_3,23,5,0.0001
Ac5_rdkit_conf_3,23,6,0.0031
Ac5_rdkit_conf_3,23,7,0.0113
Ac5_rdkit_conf_3,23,8,0.0007
Ac5_rdkit_conf_3,23,9,0.0089
Ac5_rdkit_conf_3,23,10,0.0026
Ac5_rdkit_conf_3,23,11,0.9178
Ac5_rdkit_conf_3,23,12,0.0001
Ac5_rdkit_conf_3,23,13,0.0001
Ac5_rdkit_conf_3,23,14,0.0002
Ac5_rdkit_conf_3,23,15,0.0000
Ac5_rdkit_conf_3,23,16,0.0000
Ac5_rdkit_conf_3,23,17,0.0000
Ac5_rdkit_conf_3,23,18,0.0000
Ac5_rdkit_conf_3,23,19,0.0004
Ac5_rdkit_conf_3,23,20,0.0006
Ac5_rdkit_conf_3,23,21,0.0003
Ac5_rdkit_conf_3,23,22,0.0029
Ac5_rdkit_conf_1,1,0,0.9980
Ac5_rdkit_conf_1,2,0,0.0072
Ac5_rdkit_conf_1,2,1,0.9921
Ac5_rdkit_conf_1,3,0,0.0095
Ac5_rdkit_conf_1,3,1,0.9260
Ac5_rdkit_conf_1,3,2,0.0070
Ac5_rdkit_conf_1,4,0,0.0122
Ac5_rdkit_conf_1,4,1,0.0510
Ac5_rdkit_conf_1,4,2,0.0042
Ac5_rdkit_conf_1,4,3,1.7724
Ac5_rdkit_conf_1,5,0,0.0025
Ac5_rdkit_conf_1,5,1,0.0152
Ac5_rdkit_conf_1,5,2,0.0077
Ac5_rdkit_conf_1,5,3,1.0454
Ac5_rdkit_conf_1,5,4,0.1509
Ac5_rdkit_conf_1,6,0,0.0068
Ac5_rdkit_conf_1,6,1,0.9723
Ac5_rdkit_conf_1,6,2,0.0089
Ac5_rdkit_conf_1,6,3,0.0125
Ac5_rdkit_conf_1,6,4,0.0134
Ac5_rdkit_conf_1,6,5,0.0034
Ac5_rdkit_conf_1,7,0,0.0080
Ac5_rdkit_conf_1,7,1,0.0061
Ac5_rdkit_conf_1,7,2,0.0068
Ac5_rdkit_conf_1,7,3,0.0058
Ac5_rdkit_conf_1,7,4,0.0025
Ac5_rdkit_conf_1,7,5,0.0014
Ac5_rdkit_conf_1,7,6,1.3985
Ac5_rdkit_conf_1,8,0,0.0005
Ac5_rdkit_conf_1,8,1,0.0095
Ac5_rdkit_conf_1,8,2,0.0008
Ac5_rdkit_conf_1,8,3,0.0006
Ac5_rdkit_conf_1,8,4,0.0003
Ac5_rdkit_conf_1,8,5,0.0002
Ac5_rdkit_conf_1,8,6,0.0099
Ac5_rdkit_conf_1,8,7,1.4546
Ac5_rdkit_conf_1,9,0,0.0002
Ac5_rdkit_conf_1,9,1,0.0013
Ac5_rdkit_conf_1,9,2,0.0035
Ac5_rdkit_conf_1,9,3,0.0027
Ac5_rdkit_conf_1,9,4,0.0010
Ac5_rdkit_conf_1,9,5,0.0007
Ac5_rdkit_conf_1,9,6,0.1086
Ac5_rdkit_conf_1,9,7,0.0085
Ac5_rdkit_conf_1,9,8,1.4274
Ac5_rdkit_conf_1,10,0,0.0009
Ac5_rdkit_conf_1,10,1,0.0090
Ac5_rdkit_conf_1,10,2,0.0004
Ac5_rdkit_conf_1,10,3,0.0007
Ac5_rdkit_conf_1,10,4,0.0008
Ac5_rdkit_conf_1,10,5,0.0002
Ac5_rdkit_conf_1,10,6,0.0102
Ac5_rdkit_conf_1,10,7,0.1154
Ac5_rdkit_conf_1,10,8,0.0087
Ac5_rdkit_conf_1,10,9,1.4530
Ac5_rdkit_conf_1,11,0,0.0022
Ac5_rdkit_conf_1,11,1,0.0062
Ac5_rdkit_conf_1,11,2,0.0108
Ac5_rdkit_conf_1,11,3,0.0097
Ac5_rdkit_conf_1,11,4,0.0020
Ac5_rdkit_conf_1,11,5,0.0013
Ac5_rdkit_conf_1,11,6,1.4254
Ac5_rdkit_conf_1,11,7,0.0105
Ac5_rdkit_conf_1,11,8,0.1122
Ac5_rdkit_conf_1,11,9,0.0087
Ac5_rdkit_conf_1,11,10,1.4260
Ac5_rdkit_conf_1,12,0,0.9326
Ac5_rdkit_conf_1,12,1,0.0011
Ac5_rdkit_conf_1,12,2,0.0100
Ac5_rdkit_conf_1,12,3,0.0010
Ac5_rdkit_conf_1,12,4,0.0002
Ac5_rdkit_conf_1,12,5,0.0002
Ac5_rdkit_conf_1,12,6,0.0009
Ac5_rdkit_conf_1,12,7,0.0004
Ac5_rdkit_conf_1,12,8,0.0001
Ac5_rdkit_conf_1,12,9,0.0000
Ac5_rdkit_conf_1,12,10,0.0001
Ac5_rdkit_conf_1,12,11,0.0005
Ac5_rdkit_conf_1,13,0,0.9362
Ac5_rdkit_conf_1,13,1,0.0011
Ac5_rdkit_conf_1,13,2,0.0007
Ac5_rdkit_conf_1,13,3,0.0013
Ac5_rdkit_conf_1,13,4,0.0004
Ac5_rdkit_conf_1,13,5,0.0002
Ac5_rdkit_conf_1,13,6,0.0103
Ac5_rdkit_conf_1,13,7,0.0001
Ac5_rdkit_conf_1,13,8,0.0003
Ac5_rdkit_conf_1,13,9,0.0002
Ac5_rdkit_conf_1,13,10,0.0000
Ac5_rdkit_conf_1,13,11,0.0013
Ac5_rdkit_conf_1,13,12,0.0002
Ac5_rdkit_conf_1,14,0,0.9355
Ac5_rdkit_conf_1,14,1,0.0014
Ac5_rdkit_conf_1,14,2,0.0011
Ac5_rdkit_conf_1,14,3,0.0108
Ac5_rdkit_conf_1,14,4,0.0019
Ac5_rdkit_conf_1,14,5,0.0019
Ac5_rdkit_conf_1,14,6,0.0008
Ac5_rdkit_conf_1,14,7,0.0004
Ac5_rdkit_conf_1,14,8,0.0000
Ac5_rdkit_conf_1,14,9,0.0001
Ac5_rdkit_conf_1,14,10,0.0001
Ac5_rdkit_conf_1,14,11,0.0007
Ac5_rdkit_conf_1,14,12,0.0002
Ac5_rdkit_conf_1,14,13,0.0003
Ac5_rdkit_conf_1,15,0,0.0007
Ac5_rdkit_conf_1,15,1,0.0013
Ac5_rdkit_conf_1,15,2,0.9386
Ac5_rdkit_conf_1,15,3,0.0110
Ac5_rdkit_conf_1,15,4,0.0017
Ac5_rdkit_conf_1,15,5,0.0003
Ac5_rdkit_conf_1,15,6,0.0007
Ac5_rdkit_conf_1,15,7,0.0004
Ac5_rdkit_conf_1,15,8,0.0000
Ac5_rdkit_conf_1,15,9,0.0000
Ac5_rdkit_conf_1,15,10,0.0000
Ac5_rdkit_conf_1,15,11,0.0002
Ac5_rdkit_conf_1,15,12,0.0002
Ac5_rdkit_conf_1,15,13,0.0000
Ac5_rdkit_conf_1,15,14,0.0002
Ac5_rdkit_conf_1,16,0,0.0097
Ac5_rdkit_conf_1,16,1,0.0011
Ac5_rdkit_conf_1,16,2,0.9333
Ac5_rdkit_conf_1,16,3,0.0013
Ac5_rdkit_conf_1,16,4,0.0002
Ac5_rdkit_conf_1,16,5,0.0003
Ac5_rdkit_conf_1,16,6,0.0009
Ac5_rdkit_conf_1,16,7,0.0004
Ac5_rdkit_conf_1,16,8,0.0002
Ac5_rdkit_conf_1,16,9,0.0000
Ac5_rdkit_conf_1,16,10,0.0001
Ac5_rdkit_conf_1,16,11,0.0007
Ac5_rdkit_conf_1,16,12,0.0011
Ac5_rdkit_conf_1,16,13,0.0002
Ac5_rdkit_conf_1,16,14,0.0004
Ac5_rdkit_conf_1,16,15,0.0003
Ac5_rdkit_conf_1,17,0,0.0009
Ac5_rdkit_conf_1,17,1,0.0010
Ac5_rdkit_conf_1,17,2,0.9359
Ac5_rdkit_conf_1,17,3,0.0010
Ac5_rdkit_conf_1,17,4,0.0002
Ac5_rdkit_conf_1,17,5,0.0002
Ac5_rdkit_conf_1,17,6,0.0102
Ac5_rdkit_conf_1,17,7,0.0014
Ac5_rdkit_conf_1,17,8,0.0002
Ac5_rdkit_conf_1,17,9,0.0010
Ac5_rdkit_conf_1,17,10,0.0003
Ac5_rdkit_conf_1,17,11,0.0011
Ac5_rdkit_conf_1,17,12,0.0003
Ac5_rdkit_conf_1,17,13,0.0001
Ac5_rdkit_conf_1,17,14,0.0000
Ac5_rdkit_conf_1,17,15,0.0002
Ac5_rdkit_conf_1,17,16,0.0002
Ac5_rdkit_conf_1,18,0,0.0004
Ac5_rdkit_conf_1,18,1,0.0156
Ac5_rdkit_conf_1,18,2,0.0007
Ac5_rdkit_conf_1,18,3,0.0021
Ac5_rdkit_conf_1,18,4,0.0044
Ac5_rdkit_conf_1,18,5,0.7330
Ac5_rdkit_conf_1,18,6,0.0001
Ac5_rdkit_conf_1,18,7,0.0001
Ac5_rdkit_conf_1,18,8,0.0000
Ac5_rdkit_conf_1,18,9,0.0000
Ac5_rdkit_conf_1,18,10,0.0000
Ac5_rdkit_conf_1,18,11,0.0002
Ac5_rdkit_conf_1,18,12,0.0001
Ac5_rdkit_conf_1,18,13,0.0001
Ac5_rdkit_conf_1,18,14,0.0001
Ac5_rdkit_conf_1,18,15,0.0006
Ac5_rdkit_conf_1,18,16,0.0000
Ac5_rdkit_conf_1,18,17,0.0000
Ac5_rdkit_conf_1,19,0,0.0008
Ac5_rdkit_conf_1,19,1,0.0024
Ac5_rdkit_conf_1,19,2,0.0003
Ac5_rdkit_conf_1,19,3,0.0004
Ac5_rdkit_conf_1,19,4,0.0005
Ac5_rdkit_conf_1,19,5,0.0003
Ac5_rdkit_conf_1,19,6,0.0029
Ac5_rdkit_conf_1,19,7,0.9159
Ac5_rdkit_conf_1,19,8,0.0028
Ac5_rdkit_conf_1,19,9,0.0092
Ac5_rdkit_conf_1,19,10,0.0007
Ac5_rdkit_conf_1,19,11,0.0116
Ac5_rdkit_conf_1,19,12,0.0000
Ac5_rdkit_conf_1,19,13,0.0001
Ac5_rdkit_conf_1,19,14,0.0000
Ac5_rdkit_conf_1,19,15,0.0000
Ac5_rdkit_conf_1,19,16,0.0002
Ac5_rdkit_conf_1,19,17,0.0000
Ac5_rdkit_conf_1,19,18,0.0000
Ac5_rdkit_conf_1,20,0,0.0003
Ac5_rdkit_conf_1,20,1,0.0003
Ac5_rdkit_conf_1,20,2,0.0000
Ac5_rdkit_conf_1,20,3,0.0000
Ac5_rdkit_conf_1,20,4,0.0001
Ac5_rdkit_conf_1,20,5,0.0000
Ac5_rdkit_conf_1,20,6,0.0093
Ac5_rdkit_conf_1,20,7,0.0028
Ac5_rdkit_conf_1,20,8,0.9229
Ac5_rdkit_conf_1,20,9,0.0026
Ac5_rdkit_conf_1,20,10,0.0090
Ac5_rdkit_conf_1,20,11,0.0006
Ac5_rdkit_conf_1,20,12,0.0000
Ac5_rdkit_conf_1,20,13,0.0000
Ac5_rdkit_conf_1,20,14,0.0000
Ac5_rdkit_conf_1,20,15,0.0000
Ac5_rdkit_conf_1,20,16,0.0000
Ac5_rdkit_conf_1,20,17,0.0000
Ac5_rdkit_conf_1,20,18,0.0000
Ac5_rdkit_conf_1,20,19,0.0030
Ac5_rdkit_conf_1,21,0,0.0000
Ac5_rdkit_conf_1,21,1,0.0006
Ac5_rdkit_conf_1,21,2,0.0000
Ac5_rdkit_conf_1,21,3,0.0000
Ac5_rdkit_conf_1,21,4,0.0000
Ac5_rdkit_conf_1,21,5,0.0000
Ac5_rdkit_conf_1,21,6,0.0007
Ac5_rdkit_conf_1,21,7,0.0091
Ac5_rdkit_conf_1,21,8,0.0026
Ac5_rdkit_conf_1,21,9,0.9234
Ac5_rdkit_conf_1,21,10,0.0026
Ac5_rdkit_conf_1,21,11,0.0093
Ac5_rdkit_conf_1,21,12,0.0000
Ac5_rdkit_conf_1,21,13,0.0000
Ac5_rdkit_conf_1,21,14,0.0000
Ac5_rdkit_conf_1,21,15,0.0000
Ac5_rdkit_conf_1,21,16,0.0000
Ac5_rdkit_conf_1,21,17,0.0000
Ac5_rdkit_conf_1,21,18,0.0000
Ac5_rdkit_conf_1,21,19,0.0003
Ac5_rdkit_conf_1,21,20,0.0029
Ac5_rdkit_conf_1,22,0,0.0001
Ac5_rdkit_conf_1,22,1,0.0003
Ac5_rdkit_conf_1,22,2,0.0001
Ac5_rdkit_conf_1,22,3,0.0002
Ac5_rdkit_conf_1,22,4,0.0001
Ac5_rdkit_conf_1,22,5,0.0000
Ac5_rdkit_conf_1,22,6,0.0090
Ac5_rdkit_conf_1,22,7,0.0007
Ac5_rdkit_conf_1,22,8,0.0093
Ac5_rdkit_conf_1,22,9,0.0026
Ac5_rdkit_conf_1,22,10,0.9235
Ac5_rdkit_conf_1,22,11,0.0026
Ac5_rdkit_conf_1,22,12,0.0000
Ac5_rdkit_conf_1,22,13,0.0000
Ac5_rdkit_conf_1,22,14,0.0000
Ac5_rdkit_conf_1,22,15,0.0000
Ac5_rdkit_conf_1,22,16,0.0000
Ac5_rdkit_conf_1,22,17,0.0000
Ac5_rdkit_conf_1,22,18,0.0000
Ac5_rdkit_conf_1,22,19,0.0006
Ac5_rdkit_conf_1,22,20,0.0003
Ac5_rdkit_conf_1,22,21,0.0029
Ac5_rdkit_conf_1,23,0,0.0012
Ac5_rdkit_conf_1,23,1,0.0027
Ac5_rdkit_conf_1,23,2,0.0003
Ac5_rdkit_conf_1,23,3,0.0003
Ac5_rdkit_conf_1,23,4,0.0002
Ac5_rdkit_conf_1,23,5,0.0000
Ac5_rdkit_conf_1,23,6,0.0032
Ac5_rdkit_conf_1,23,7,0.0116
Ac5_rdkit_conf_1,23,8,0.0007
Ac5_rdkit_conf_1,23,9,0.0089
Ac5_rdkit_conf_1,23,10,0.0026
Ac5_rdkit_conf_1,23,11,0.9187
Ac5_rdkit_conf_1,23,12,0.0000
Ac5_rdkit_conf_1,23,13,0.0001
Ac5_rdkit_conf_1,23,14,0.0001
Ac5_rdkit_conf_1,23,15,0.0000
Ac5_rdkit_conf_1,23,16,0.0000
Ac5_rdkit_conf_1,23,17,0.0000
Ac5_rdkit_conf_1,23,18,0.0000
Ac5_rdkit_conf_1,23,19,0.0004
Ac5_rdkit_conf_1,23,20,0.0006
Ac5_rdkit_conf_1,23,21,0.0003
Ac5_rdkit_conf_1,23,22,0.0029
Ac7_rdkit_conf_3,1,0,1.7813
Ac7_rdkit_conf_3,2,0,0.1505
Ac7_rdkit_conf_3,2,1,1.0333
Ac7_rdkit_conf_3,3,0,0.0480
Ac7_rdkit_conf_3,3,1,0.9632
Ac7_rdkit_conf_3,3,2,0.0151
Ac7_rdkit_conf_3,4,0,0.0131
Ac7_rdkit_conf_3,4,1,0.0091
Ac7_rdkit_conf_3,4,2,0.0026
Ac7_rdkit_conf_3,4,3,0.9919
Ac7_rdkit_conf_3,5,0,0.0018
Ac7_rdkit_conf_3,5,1,0.0084
Ac7_rdkit_conf_3,5,2,0.0013
Ac7_rdkit_conf_3,5,3,0.0046
Ac7_rdkit_conf_3,5,4,1.0167
Ac7_rdkit_conf_3,6,0,0.0001
Ac7_rdkit_conf_3,6,1,0.0002
Ac7_rdkit_conf_3,6,2,0.0000
Ac7_rdkit_conf_3,6,3,0.0024
Ac7_rdkit_conf_3,6,4,0.0049
Ac7_rdkit_conf_3,6,5,1.0174
Ac7_rdkit_conf_3,7,0,0.0018
Ac7_rdkit_conf_3,7,1,0.0084
Ac7_rdkit_conf_3,7,2,0.0013
Ac7_rdkit_conf_3,7,3,0.0046
Ac7_rdkit_conf_3,7,4,0.0023
Ac7_rdkit_conf_3,7,5,0.0049
Ac7_rdkit_conf_3,7,6,1.0174
Ac7_rdkit_conf_3,8,0,0.0131
Ac7_rdkit_conf_3,8,1,0.0091
Ac7_rdkit_conf_3,8,2,0.0026
Ac7_rdkit_conf_3,8,3,0.9919
Ac7_rdkit_conf_3,8,4,0.0062
Ac7_rdkit_conf_3,8,5,0.0023
Ac7_rdkit_conf_3,8,6,0.0049
Ac7_rdkit_conf_3,8,7,1.0167
Ac7_rdkit_conf_3,9,0,0.0051
Ac7_rdkit_conf_3,9,1,0.0020
Ac7_rdkit_conf_3,9,2,0.7349
Ac7_rdkit_conf_3,9,3,0.0150
Ac7_rdkit_conf_3,9,4,0.0003
Ac7_rdkit_conf_3,9,5,0.0001
Ac7_rdkit_conf_3,9,6,0.0000
Ac7_rdkit_conf_3,9,7,0.0001
Ac7_rdkit_conf_3,9,8,0.0003
Ac7_rdkit_conf_3,10,0,0.0019
Ac7_rdkit_conf_3,10,1,0.0023
Ac7_rdkit_conf_3,10,2,0.0063
Ac7_rdkit_conf_3,10,3,0.9049
Ac7_rdkit_conf_3,10,4,0.0025
Ac7_rdkit_conf_3,10,5,0.0011
Ac7_rdkit_conf_3,10,6,0.0001
Ac7_rdkit_conf_3,10,7,0.0011
Ac7_rdkit_conf_3,10,8,0.0025
Ac7_rdkit_conf_3,10,9,0.0004
Ac7_rdkit_conf_3,11,0,0.0004
Ac7_rdkit_conf_3,11,1,0.0012
Ac7_rdkit_conf_3,11,2,0.0002
Ac7_rdkit_conf_3,11,3,0.0008
Ac7_rdkit_conf_3,11,4,0.9260
Ac7_rdkit_conf_3,11,5,0.0012
Ac7_rdkit_conf_3,11,6,0.0098
Ac7_rdkit_conf_3,11,7,0.0002
Ac7_rdkit_conf_3,11,8,0.0099
Ac7_rdkit_conf_3,11,9,0.0001
Ac7_rdkit_conf_3,11,10,0.0011
Ac7_rdkit_conf_3,12,0,0.0003
Ac7_rdkit_conf_3,12,1,0.0014
Ac7_rdkit_conf_3,12,2,0.0004
Ac7_rdkit_conf_3,12,3,0.0019
Ac7_rdkit_conf_3,12,4,0.9212
Ac7_rdkit_conf_3,12,5,0.0021
Ac7_rdkit_conf_3,12,6,0.0009
Ac7_rdkit_conf_3,12,7,0.0001
Ac7_rdkit_conf_3,12,8,0.0008
Ac7_rdkit_conf_3,12,9,0.0000
Ac7_rdkit_conf_3,12,10,0.0130
Ac7_rdkit_conf_3,12,11,0.0002
Ac7_rdkit_conf_3,13,0,0.0007
Ac7_rdkit_conf_3,13,1,0.0007
Ac7_rdkit_conf_3,13,2,0.0001
Ac7_rdkit_conf_3,13,3,0.0094
Ac7_rdkit_conf_3,13,4,0.0011
Ac7_rdkit_conf_3,13,5,0.9263
Ac7_rdkit_conf_3,13,6,0.0011
Ac7_rdkit_conf_3,13,7,0.0099
Ac7_rdkit_conf_3,13,8,0.0003
Ac7_rdkit_conf_3,13,9,0.0000
Ac7_rdkit_conf_3,13,10,0.0002
Ac7_rdkit_conf_3,13,11,0.0015
Ac7_rdkit_conf_3,13,12,0.0014
Ac7_rdkit_conf_3,14,0,0.0001
Ac7_rdkit_conf_3,14,1,0.0002
Ac7_rdkit_conf_3,14,2,0.0001
Ac7_rdkit_conf_3,14,3,0.0010
Ac7_rdkit_conf_3,14,4,0.0020
Ac7_rdkit_conf_3,14,5,0.9266
Ac7_rdkit_conf_3,14,6,0.0020
Ac7_rdkit_conf_3,14,7,0.0009
Ac7_rdkit_conf_3,14,8,0.0001
Ac7_rdkit_conf_3,14,9,0.0000
Ac7_rdkit_conf_3,14,10,0.0004
Ac7_rdkit_conf_3,14,11,0.0013
Ac7_rdkit_conf_3,14,12,0.0135
Ac7_rdkit_conf_3,14,13,0.0002
Ac7_rdkit_conf_3,15,0,0.0000
Ac7_rdkit_conf_3,15,1,0.0000
Ac7_rdkit_conf_3,15,2,0.0000
Ac7_rdkit_conf_3,15,3,0.0001
Ac7_rdkit_conf_3,15,4,0.0009
Ac7_rdkit_conf_3,15,5,0.0019
Ac7_rdkit_conf_3,15,6,0.9268
Ac7_rdkit_conf_3,15,7,0.0019
Ac7_rdkit_conf_3,15,8,0.0009
Ac7_rdkit_conf_3,15,9,0.0000
Ac7_rdkit_conf_3,15,10,0.0002
Ac7_rdkit_conf_3,15,11,0.0001
Ac7_rdkit_conf_3,15,12,0.0004
Ac7_rdkit_conf_3,15,13,0.0014
Ac7_rdkit_conf_3,15,14,0.0138
Ac7_rdkit_conf_3,16,0,0.0000
Ac7_rdkit_conf_3,16,1,0.0003
Ac7_rdkit_conf_3,16,2,0.0000
Ac7_rdkit_conf_3,16,3,0.0002
Ac7_rdkit_conf_3,16,4,0.0100
Ac7_rdkit_conf_3,16,5,0.0011
Ac7_rdkit_conf_3,16,6,0.9277
Ac7_rdkit_conf_3,16,7,0.0011
Ac7_rdkit_conf_3,16,8,0.0100
Ac7_rdkit_conf_3,16,9,0.0000
Ac7_rdkit_conf_3,16,10,0.0000
Ac7_rdkit_conf_3,16,11,0.0005
Ac7_rdkit_conf_3,16,12,0.0002
Ac7_rdkit_conf_3,16,13,0.0014
Ac7_rdkit_conf_3,16,14,0.0014
Ac7_rdkit_conf_3,16,15,0.0002
Ac7_rdkit_conf_3,17,0,0.0007
Ac7_rdkit_conf_3,17,1,0.0007
Ac7_rdkit_conf_3,17,2,0.0001
Ac7_rdkit_conf_3,17,3,0.0094
Ac7_rdkit_conf_3,17,4,0.0003
Ac7_rdkit_conf_3,17,5,0.0099
Ac7_rdkit_conf_3,17,6,0.0011
Ac7_rdkit_conf_3,17,7,0.9263
Ac7_rdkit_conf_3,17,8,0.0011
Ac7_rdkit_conf_3,17,9,0.0000
Ac7_rdkit_conf_3,17,10,0.0002
Ac7_rdkit_conf_3,17,11,0.0004
Ac7_rdkit_conf_3,17,12,0.0000
Ac7_rdkit_conf_3,17,13,0.0005
Ac7_rdkit_conf_3,17,14,0.0001
Ac7_rdkit_conf_3,17,15,0.0014
Ac7_rdkit_conf_3,17,16,0.0014
Ac7_rdkit_conf_3,18,0,0.0001
Ac7_rdkit_conf_3,18,1,0.0002
Ac7_rdkit_conf_3,18,2,0.0001
Ac7_rdkit_conf_3,18,3,0.0010
Ac7_rdkit_conf_3,18,4,0.0001
Ac7_rdkit_conf_3,18,5,0.0009
Ac7_rdkit_conf_3,18,6,0.0020
Ac7_rdkit_conf_3,18,7,0.9266
Ac7_rdkit_conf_3,18,8,0.0020
Ac7_rdkit_conf_3,18,9,0.0000
Ac7_rdkit_conf_3,18,10,0.0004
Ac7_rdkit_conf_3,18,11,0.0000
Ac7_rdkit_conf_3,18,12,0.0002
Ac7_rdkit_conf_3,18,13,0.0001
Ac7_rdkit_conf_3,18,14,0.0005
Ac7_rdkit_conf_3,18,15,0.0138
Ac7_rdkit_conf_3,18,16,0.0014
Ac7_rdkit_conf_3,18,17,0.0002
Ac7_rdkit_conf_3,19,0,0.0004
Ac7_rdkit_conf_3,19,1,0.0012
Ac7_rdkit_conf_3,19,2,0.0002
Ac7_rdkit_conf_3,19,3,0.0008
Ac7_rdkit_conf_3,19,4,0.0099
Ac7_rdkit_conf_3,19,5,0.0002
Ac7_rdkit_conf_3,19,6,0.0098
Ac7_rdkit_conf_3,19,7,0.0012
Ac7_rdkit_conf_3,19,8,0.9260
Ac7_rdkit_conf_3,19,9,0.0001
Ac7_rdkit_conf_3,19,10,0.0011
Ac7_rdkit_conf_3,19,11,0.0006
Ac7_rdkit_conf_3,19,12,0.0001
Ac7_rdkit_conf_3,19,13,0.0004
Ac7_rdkit_conf_3,19,14,0.0000
Ac7_rdkit_conf_3,19,15,0.0001
Ac7_rdkit_conf_3,19,16,0.0005
Ac7_rdkit_conf_3,19,17,0.0015
Ac7_rdkit_conf_3,19,18,0.0013
Ac7_rdkit_conf_3,20,0,0.0003
Ac7_rdkit_conf_3,20,1,0.0014
Ac7_rdkit_conf_3,20,2,0.0004
Ac7_rdkit_conf_3,20,3,0.0019
Ac7_rdkit_conf_3,20,4,0.0008
Ac7_rdkit_conf_3,20,5,0.0001
Ac7_rdkit_conf_3,20,6,0.0009
Ac7_rdkit_conf_3,20,7,0.0021
Ac7_rdkit_conf_3,20,8,0.9212
Ac7_rdkit_conf_3,20,9,0.0000
Ac7_rdkit_conf_3,20,10,0.0130
Ac7_rdkit_conf_3,20,11,0.0001
Ac7_rdkit_conf_3,20,12,0.0004
Ac7_rdkit_conf_3,20,13,0.0000
Ac7_rdkit_conf_3,20,14,0.0002
Ac7_rdkit_conf_3,20,15,0.0004
Ac7_rdkit_conf_3,20,16,0.0002
Ac7_rdkit_conf_3,20,17,0.0014
Ac7_rdkit_conf_3,20,18,0.0135
Ac7_rdkit_conf_3,20,19,0.0002
Ac4_rdkit_conf_1,1,0,0.9305
Ac4_rdkit_conf_1,2,0,0.0101
Ac4_rdkit_conf_1,2,1,1.0626
Ac4_rdkit_conf_1,3,0,0.0028
Ac4_rdkit_conf_1,3,1,0.0647
Ac4_rdkit_conf_1,3,2,1.3718
Ac4_rdkit_conf_1,4,0,0.0010
Ac4_rdkit_conf_1,4,1,0.0087
Ac4_rdkit_conf_1,4,2,0.0121
Ac4_rdkit_conf_1,4,3,1.4398
Ac4_rdkit_conf_1,5,0,0.0003
Ac4_rdkit_conf_1,5,1,0.0207
Ac4_rdkit_conf_1,5,2,0.0905
Ac4_rdkit_conf_1,5,3,0.0125
Ac4_rdkit_conf_1,5,4,1.4310
Ac4_rdkit_conf_1,6,0,0.0010
Ac4_rdkit_conf_1,6,1,0.0066
Ac4_rdkit_conf_1,6,2,0.0114
Ac4_rdkit_conf_1,6,3,0.1031
Ac4_rdkit_conf_1,6,4,0.0111
Ac4_rdkit_conf_1,6,5,1.4414
Ac4_rdkit_conf_1,7,0,0.0127
Ac4_rdkit_conf_1,7,1,0.0439
Ac4_rdkit_conf_1,7,2,1.3032
Ac4_rdkit_conf_1,7,3,0.0098
Ac4_rdkit_conf_1,7,4,0.1000
Ac4_rdkit_conf_1,7,5,0.0117
Ac4_rdkit_conf_1,7,6,1.4081
Ac4_rdkit_conf_1,8,0,0.0006
Ac4_rdkit_conf_1,8,1,0.0046
Ac4_rdkit_conf_1,8,2,0.0088
Ac4_rdkit_conf_1,8,3,0.0071
Ac4_rdkit_conf_1,8,4,0.0058
Ac4_rdkit_conf_1,8,5,0.0094
Ac4_rdkit_conf_1,8,6,0.0124
Ac4_rdkit_conf_1,8,7,1.0030
Ac4_rdkit_conf_1,9,0,0.0014
Ac4_rdkit_conf_1,9,1,0.0057
Ac4_rdkit_conf_1,9,2,0.0163
Ac4_rdkit_conf_1,9,3,0.0007
Ac4_rdkit_conf_1,9,4,0.0116
Ac4_rdkit_conf_1,9,5,0.0025
Ac4_rdkit_conf_1,9,6,0.0265
Ac4_rdkit_conf_1,9,7,0.0553
Ac4_rdkit_conf_1,9,8,1.7666
Ac4_rdkit_conf_1,10,0,0.0003
Ac4_rdkit_conf_1,10,1,0.0014
Ac4_rdkit_conf_1,10,2,0.0092
Ac4_rdkit_conf_1,10,3,0.0004
Ac4_rdkit_conf_1,10,4,0.0025
Ac4_rdkit_conf_1,10,5,0.0013
Ac4_rdkit_conf_1,10,6,0.0053
Ac4_rdkit_conf_1,10,7,0.0161
Ac4_rdkit_conf_1,10,8,1.0220
Ac4_rdkit_conf_1,10,9,0.1473
Ac4_rdkit_conf_1,11,0,0.9412
Ac4_rdkit_conf_1,11,1,0.0213
Ac4_rdkit_conf_1,11,2,0.0015
Ac4_rdkit_conf_1,11,3,0.0043
Ac4_rdkit_conf_1,11,4,0.0001
Ac4_rdkit_conf_1,11,5,0.0012
Ac4_rdkit_conf_1,11,6,0.0001
Ac4_rdkit_conf_1,11,7,0.0011
Ac4_rdkit_conf_1,11,8,0.0002
Ac4_rdkit_conf_1,11,9,0.0001
Ac4_rdkit_conf_1,11,10,0.0001
Ac4_rdkit_conf_1,12,0,0.9413
Ac4_rdkit_conf_1,12,1,0.0214
Ac4_rdkit_conf_1,12,2,0.0015
Ac4_rdkit_conf_1,12,3,0.0044
Ac4_rdkit_conf_1,12,4,0.0001
Ac4_rdkit_conf_1,12,5,0.0012
Ac4_rdkit_conf_1,12,6,0.0001
Ac4_rdkit_conf_1,12,7,0.0011
Ac4_rdkit_conf_1,12,8,0.0001
Ac4_rdkit_conf_1,12,9,0.0002
Ac4_rdkit_conf_1,12,10,0.0000
Ac4_rdkit_conf_1,12,11,0.0005
Ac4_rdkit_conf_1,13,0,0.9386
Ac4_rdkit_conf_1,13,1,0.0101
Ac4_rdkit_conf_1,13,2,0.0081
Ac4_rdkit_conf_1,13,3,0.0013
Ac4_rdkit_conf_1,13,4,0.0000
Ac4_rdkit_conf_1,13,5,0.0001
Ac4_rdkit_conf_1,13,6,0.0002
Ac4_rdkit_conf_1,13,7,0.0001
Ac4_rdkit_conf_1,13,8,0.0000
Ac4_rdkit_conf_1,13,9,0.0001
Ac4_rdkit_conf_1,13,10,0.0000
Ac4_rdkit_conf_1,13,11,0.0001
Ac4_rdkit_conf_1,13,12,0.0001
Ac4_rdkit_conf_1,14,0,0.0019
Ac4_rdkit_conf_1,14,1,0.0042
Ac4_rdkit_conf_1,14,2,0.0019
Ac4_rdkit_conf_1,14,3,0.9178
Ac4_rdkit_conf_1,14,4,0.0037
Ac4_rdkit_conf_1,14,5,0.0090
Ac4_rdkit_conf_1,14,6,0.0010
Ac4_rdkit_conf_1,14,7,0.0083
Ac4_rdkit_conf_1,14,8,0.0004
Ac4_rdkit_conf_1,14,9,0.0000
Ac4_rdkit_conf_1,14,10,0.0003
Ac4_rdkit_conf_1,14,11,0.0001
Ac4_rdkit_conf_1,14,12,0.0001
Ac4_rdkit_conf_1,14,13,0.0001
Ac4_rdkit_conf_1,15,0,0.0001
Ac4_rdkit_conf_1,15,1,0.0009
Ac4_rdkit_conf_1,15,2,0.0086
Ac4_rdkit_conf_1,15,3,0.0026
Ac4_rdkit_conf_1,15,4,0.9233
Ac4_rdkit_conf_1,15,5,0.0027
Ac4_rdkit_conf_1,15,6,0.0092
Ac4_rdkit_conf_1,15,7,0.0007
Ac4_rdkit_conf_1,15,8,0.0004
Ac4_rdkit_conf_1,15,9,0.0000
Ac4_rdkit_conf_1,15,10,0.0000
Ac4_rdkit_conf_1,15,11,0.0000
Ac4_rdkit_conf_1,15,12,0.0000
Ac4_rdkit_conf_1,15,13,0.0000
Ac4_rdkit_conf_1,15,14,0.0029
Ac4_rdkit_conf_1,16,0,0.0000
Ac4_rdkit_conf_1,16,1,0.0004
Ac4_rdkit_conf_1,16,2,0.0007
Ac4_rdkit_conf_1,16,3,0.0093
Ac4_rdkit_conf_1,16,4,0.0028
Ac4_rdkit_conf_1,16,5,0.9209
Ac4_rdkit_conf_1,16,6,0.0030
Ac4_rdkit_conf_1,16,7,0.0092
Ac4_rdkit_conf_1,16,8,0.0002
Ac4_rdkit_conf_1,16,9,0.0004
Ac4_rdkit_conf_1,16,10,0.0000
Ac4_rdkit_conf_1,16,11,0.0000
Ac4_rdkit_conf_1,16,12,0.0000
Ac4_rdkit_conf_1,16,13,0.0000
Ac4_rdkit_conf_1,16,14,0.0002
Ac4_rdkit_conf_1,16,15,0.0028
Ac4_rdkit_conf_1,17,0,0.0006
Ac4_rdkit_conf_1,17,1,0.0003
Ac4_rdkit_conf_1,17,2,0.0085
Ac4_rdkit_conf_1,17,3,0.0008
Ac4_rdkit_conf_1,17,4,0.0090
Ac4_rdkit_conf_1,17,5,0.0028
Ac4_rdkit_conf_1,17,6,0.9127
Ac4_rdkit_conf_1,17,7,0.0022
Ac4_rdkit_conf_1,17,8,0.0027
Ac4_rdkit_conf_1,17,9,0.0007
Ac4_rdkit_conf_1,17,10,0.0010
Ac4_rdkit_conf_1,17,11,0.0000
Ac4_rdkit_conf_1,17,12,0.0000
Ac4_rdkit_conf_1,17,13,0.0000
Ac4_rdkit_conf_1,17,14,0.0004
Ac4_rdkit_conf_1,17,15,0.0003
Ac4_rdkit_conf_1,17,16,0.0029
Ac4_rdkit_conf_1,18,0,0.0000
Ac4_rdkit_conf_1,18,1,0.0001
Ac4_rdkit_conf_1,18,2,0.0003
Ac4_rdkit_conf_1,18,3,0.0004
Ac4_rdkit_conf_1,18,4,0.0001
Ac4_rdkit_conf_1,18,5,0.0001
Ac4_rdkit_conf_1,18,6,0.0009
Ac4_rdkit_conf_1,18,7,0.0129
Ac4_rdkit_conf_1,18,8,0.0013
Ac4_rdkit_conf_1,18,9,0.0053
Ac4_rdkit_conf_1,18,10,0.7349
Ac4_rdkit_conf_1,18,11,0.0000
Ac4_rdkit_conf_1,18,12,0.0000
Ac4_rdkit_conf_1,18,13,0.0000
Ac4_rdkit_conf_1,18,14,0.0000
Ac4_rdkit_conf_1,18,15,0.0000
Ac4_rdkit_conf_1,18,16,0.0000
Ac4_rdkit_conf_1,18,17,0.0001
Ac4_rdkit_conf_2,1,0,0.9304
Ac4_rdkit_conf_2,2,0,0.0102
Ac4_rdkit_conf_2,2,1,1.0526
Ac4_rdkit_conf_2,3,0,0.0028
Ac4_rdkit_conf_2,3,1,0.0630
Ac4_rdkit_conf_2,3,2,1.3708
Ac4_rdkit_conf_2,4,0,0.0010
Ac4_rdkit_conf_2,4,1,0.0084
Ac4_rdkit_conf_2,4,2,0.0119
Ac4_rdkit_conf_2,4,3,1.4415
Ac4_rdkit_conf_2,5,0,0.0003
Ac4_rdkit_conf_2,5,1,0.0198
Ac4_rdkit_conf_2,5,2,0.0908
Ac4_rdkit_conf_2,5,3,0.0123
Ac4_rdkit_conf_2,5,4,1.4284
Ac4_rdkit_conf_2,6,0,0.0011
Ac4_rdkit_conf_2,6,1,0.0068
Ac4_rdkit_conf_2,6,2,0.0118
Ac4_rdkit_conf_2,6,3,0.1039
Ac4_rdkit_conf_2,6,4,0.0115
Ac4_rdkit_conf_2,6,5,1.4471
Ac4_rdkit_conf_2,7,0,0.0128
Ac4_rdkit_conf_2,7,1,0.0436
Ac4_rdkit_conf_2,7,2,1.3127
Ac4_rdkit_conf_2,7,3,0.0098
Ac4_rdkit_conf_2,7,4,0.1011
Ac4_rdkit_conf_2,7,5,0.0104
Ac4_rdkit_conf_2,7,6,1.4020
Ac4_rdkit_conf_2,8,0,0.0004
Ac4_rdkit_conf_2,8,1,0.0039
Ac4_rdkit_conf_2,8,2,0.0083
Ac4_rdkit_conf_2,8,3,0.0071
Ac4_rdkit_conf_2,8,4,0.0060
Ac4_rdkit_conf_2,8,5,0.0098
Ac4_rdkit_conf_2,8,6,0.0140
Ac4_rdkit_conf_2,8,7,0.9975
Ac4_rdkit_conf_2,9,0,0.0002
Ac4_rdkit_conf_2,9,1,0.0040
Ac4_rdkit_conf_2,9,2,0.0222
Ac4_rdkit_conf_2,9,3,0.0012
Ac4_rdkit_conf_2,9,4,0.0109
Ac4_rdkit_conf_2,9,5,0.0014
Ac4_rdkit_conf_2,9,6,0.0181
Ac4_rdkit_conf_2,9,7,0.0580
Ac4_rdkit_conf_2,9,8,1.7273
Ac4_rdkit_conf_2,10,0,0.0015
Ac4_rdkit_conf_2,10,1,0.0047
Ac4_rdkit_conf_2,10,2,0.0050
Ac4_rdkit_conf_2,10,3,0.0005
Ac4_rdkit_conf_2,10,4,0.0030
Ac4_rdkit_conf_2,10,5,0.0008
Ac4_rdkit_conf_2,10,6,0.0113
Ac4_rdkit_conf_2,10,7,0.0146
Ac4_rdkit_conf_2,10,8,1.0625
Ac4_rdkit_conf_2,10,9,0.1498
Ac4_rdkit_conf_2,11,0,0.9395
Ac4_rdkit_conf_2,11,1,0.0100
Ac4_rdkit_conf_2,11,2,0.0082
Ac4_rdkit_conf_2,11,3,0.0013
Ac4_rdkit_conf_2,11,4,0.0000
Ac4_rdkit_conf_2,11,5,0.0001
Ac4_rdkit_conf_2,11,6,0.0002
Ac4_rdkit_conf_2,11,7,0.0001
Ac4_rdkit_conf_2,11,8,0.0000
Ac4_rdkit_conf_2,11,9,0.0000
Ac4_rdkit_conf_2,11,10,0.0000
Ac4_rdkit_conf_2,12,0,0.9410
Ac4_rdkit_conf_2,12,1,0.0215
Ac4_rdkit_conf_2,12,2,0.0014
Ac4_rdkit_conf_2,12,3,0.0043
Ac4_rdkit_conf_2,12,4,0.0001
Ac4_rdkit_conf_2,12,5,0.0012
Ac4_rdkit_conf_2,12,6,0.0001
Ac4_rdkit_conf_2,12,7,0.0011
Ac4_rdkit_conf_2,12,8,0.0001
Ac4_rdkit_conf_2,12,9,0.0002
Ac4_rdkit_conf_2,12,10,0.0000
Ac4_rdkit_conf_2,12,11,0.0001
Ac4_rdkit_conf_2,13,0,0.9409
Ac4_rdkit_conf_2,13,1,0.0215
Ac4_rdkit_conf_2,13,2,0.0014
Ac4_rdkit_conf_2,13,3,0.0043
Ac4_rdkit_conf_2,13,4,0.0001
Ac4_rdkit_conf_2,13,5,0.0012
Ac4_rdkit_conf_2,13,6,0.0001
Ac4_rdkit_conf_2,13,7,0.0011
Ac4_rdkit_conf_2,13,8,0.0001
Ac4_rdkit_conf_2,13,9,0.0002
Ac4_rdkit_conf_2,13,10,0.0001
Ac4_rdkit_conf_2,13,11,0.0001
Ac4_rdkit_conf_2,13,12,0.0005
Ac4_rdkit_conf_2,14,0,0.0019
Ac4_rdkit_conf_2,14,1,0.0043
Ac4_rdkit_conf_2,14,2,0.0019
Ac4_rdkit_conf_2,14,3,0.9179
Ac4_rdkit_conf_2,14,4,0.0037
Ac4_rdkit_conf_2,14,5,0.0090
Ac4_rdkit_conf_2,14,6,0.0010
Ac4_rdkit_conf_2,14,7,0.0082
Ac4_rdkit_conf_2,14,8,0.0004
Ac4_rdkit_conf_2,14,9,0.0005
Ac4_rdkit_conf_2,14,10,0.0000
Ac4_rdkit_conf_2,14,11,0.0001
Ac4_rdkit_conf_2,14,12,0.0001
Ac4_rdkit_conf_2,14,13,0.0001
Ac4_rdkit_conf_2,15,0,0.0001
Ac4_rdkit_conf_2,15,1,0.0009
Ac4_rdkit_conf_2,15,2,0.0086
Ac4_rdkit_conf_2,15,3,0.0026
Ac4_rdkit_conf_2,15,4,0.9233
Ac4_rdkit_conf_2,15,5,0.0027
Ac4_rdkit_conf_2,15,6,0.0092
Ac4_rdkit_conf_2,15,7,0.0007
Ac4_rdkit_conf_2,15,8,0.0004
Ac4_rdkit_conf_2,15,9,0.0001
Ac4_rdkit_conf_2,15,10,0.0000
Ac4_rdkit_conf_2,15,11,0.0000
Ac4_rdkit_conf_2,15,12,0.0000
Ac4_rdkit_conf_2,15,13,0.0000
Ac4_rdkit_conf_2,15,14,0.0029
Ac4_rdkit_conf_2,16,0,0.0001
Ac4_rdkit_conf_2,16,1,0.0004
Ac4_rdkit_conf_2,16,2,0.0007
Ac4_rdkit_conf_2,16,3,0.0092
Ac4_rdkit_conf_2,16,4,0.0027
Ac4_rdkit_conf_2,16,5,0.9206
Ac4_rdkit_conf_2,16,6,0.0030
Ac4_rdkit_conf_2,16,7,0.0093
Ac4_rdkit_conf_2,16,8,0.0002
Ac4_rdkit_conf_2,16,9,0.0001
Ac4_rdkit_conf_2,16,10,0.0003
Ac4_rdkit_conf_2,16,11,0.0000
Ac4_rdkit_conf_2,16,12,0.0000
Ac4_rdkit_conf_2,16,13,0.0000
Ac4_rdkit_conf_2,16,14,0.0002
Ac4_rdkit_conf_2,16,15,0.0028
Ac4_rdkit_conf_2,17,0,0.0005
Ac4_rdkit_conf_2,17,1,0.0003
Ac4_rdkit_conf_2,17,2,0.0085
Ac4_rdkit_conf_2,17,3,0.0008
Ac4_rdkit_conf_2,17,4,0.0090
Ac4_rdkit_conf_2,17,5,0.0028
Ac4_rdkit_conf_2,17,6,0.9086
Ac4_rdkit_conf_2,17,7,0.0022
Ac4_rdkit_conf_2,17,8,0.0029
Ac4_rdkit_conf_2,17,9,0.0021
Ac4_rdkit_conf_2,17,10,0.0010
Ac4_rdkit_conf_2,17,11,0.0000
Ac4_rdkit_conf_2,17,12,0.0000
Ac4_rdkit_conf_2,17,13,0.0000
Ac4_rdkit_conf_2,17,14,0.0004
Ac4_rdkit_conf_2,17,15,0.0004
Ac4_rdkit_conf_2,17,16,0.0029
Ac4_rdkit_conf_2,18,0,0.0000
Ac4_rdkit_conf_2,18,1,0.0017
Ac4_rdkit_conf_2,18,2,0.0002
Ac4_rdkit_conf_2,18,3,0.0004
Ac4_rdkit_conf_2,18,4,0.0000
Ac4_rdkit_conf_2,18,5,0.0003
Ac4_rdkit_conf_2,18,6,0.0003
Ac4_rdkit_conf_2,18,7,0.0145
Ac4_rdkit_conf_2,18,8,0.0015
Ac4_rdkit_conf_2,18,9,0.0056
Ac4_rdkit_conf_2,18,10,0.7351
Ac4_rdkit_conf_2,18,11,0.0000
Ac4_rdkit_conf_2,18,12,0.0000
Ac4_rdkit_conf_2,18,13,0.0000
Ac4_rdkit_conf_2,18,14,0.0000
Ac4_rdkit_conf_2,18,15,0.0000
Ac4_rdkit_conf_2,18,16,0.0001
Ac4_rdkit_conf_2,18,17,0.0001
Ac3_rdkit_conf_1,1,0,1.7637
Ac3_rdkit_conf_1,2,0,0.1531
Ac3_rdkit_conf_1,2,1,1.0498
Ac3_rdkit_conf_1,3,0,0.0544
Ac3_rdkit_conf_1,3,1,0.9802
Ac3_rdkit_conf_1,3,2,0.0147
Ac3_rdkit_conf_1,4,0,0.0157
Ac3_rdkit_conf_1,4,1,0.0108
Ac3_rdkit_conf_1,4,2,0.0113
Ac3_rdkit_conf_1,4,3,1.3715
Ac3_rdkit_conf_1,5,0,0.0012
Ac3_rdkit_conf_1,5,1,0.0081
Ac3_rdkit_conf_1,5,2,0.0007
Ac3_rdkit_conf_1,5,3,0.0086
Ac3_rdkit_conf_1,5,4,1.4510
Ac3_rdkit_conf_1,6,0,0.0001
Ac3_rdkit_conf_1,6,1,0.0003
Ac3_rdkit_conf_1,6,2,0.0003
Ac3_rdkit_conf_1,6,3,0.0079
Ac3_rdkit_conf_1,6,4,0.0094
Ac3_rdkit_conf_1,6,5,0.9581
Ac3_rdkit_conf_1,7,0,0.0000
Ac3_rdkit_conf_1,7,1,0.0001
Ac3_rdkit_conf_1,7,2,0.0000
Ac3_rdkit_conf_1,7,3,0.0010
Ac3_rdkit_conf_1,7,4,0.0030
Ac3_rdkit_conf_1,7,5,0.0227
Ac3_rdkit_conf_1,7,6,0.9136
Ac3_rdkit_conf_1,8,0,0.0000
Ac3_rdkit_conf_1,8,1,0.0002
Ac3_rdkit_conf_1,8,2,0.0000
Ac3_rdkit_conf_1,8,3,0.0005
Ac3_rdkit_conf_1,8,4,0.0080
Ac3_rdkit_conf_1,8,5,0.0220
Ac3_rdkit_conf_1,8,6,0.9038
Ac3_rdkit_conf_1,8,7,0.0451
Ac3_rdkit_conf_1,9,0,0.0000
Ac3_rdkit_conf_1,9,1,0.0002
Ac3_rdkit_conf_1,9,2,0.0000
Ac3_rdkit_conf_1,9,3,0.0005
Ac3_rdkit_conf_1,9,4,0.0080
Ac3_rdkit_conf_1,9,5,0.0220
Ac3_rdkit_conf_1,9,6,0.9037
Ac3_rdkit_conf_1,9,7,0.0451
Ac3_rdkit_conf_1,9,8,0.0458
Ac3_rdkit_conf_1,10,0,0.0108
Ac3_rdkit_conf_1,10,1,0.0046
Ac3_rdkit_conf_1,10,2,0.0026
Ac3_rdkit_conf_1,10,3,0.1038
Ac3_rdkit_conf_1,10,4,0.0120
Ac3_rdkit_conf_1,10,5,1.3836
Ac3_rdkit_conf_1,10,6,0.0080
Ac3_rdkit_conf_1,10,7,0.0063
Ac3_rdkit_conf_1,10,8,0.0043
Ac3_rdkit_conf_1,10,9,0.0043
Ac3_rdkit_conf_1,11,0,0.0017
Ac3_rdkit_conf_1,11,1,0.0078
Ac3_rdkit_conf_1,11,2,0.0013
Ac3_rdkit_conf_1,11,3,0.0089
Ac3_rdkit_conf_1,11,4,0.1032
Ac3_rdkit_conf_1,11,5,0.0091
Ac3_rdkit_conf_1,11,6,0.0073
Ac3_rdkit_conf_1,11,7,0.0006
Ac3_rdkit_conf_1,11,8,0.0007
Ac3_rdkit_conf_1,11,9,0.0007
Ac3_rdkit_conf_1,11,10,1.4426
Ac3_rdkit_conf_1,12,0,0.0004
Ac3_rdkit_conf_1,12,1,0.0003
Ac3_rdkit_conf_1,12,2,0.0001
Ac3_rdkit_conf_1,12,3,0.0075
Ac3_rdkit_conf_1,12,4,0.0029
Ac3_rdkit_conf_1,12,5,0.0076
Ac3_rdkit_conf_1,12,6,0.0004
Ac3_rdkit_conf_1,12,7,0.0003
Ac3_rdkit_conf_1,12,8,0.0000
Ac3_rdkit_conf_1,12,9,0.0000
Ac3_rdkit_conf_1,12,10,0.0091
Ac3_rdkit_conf_1,12,11,0.9585
Ac3_rdkit_conf_1,13,0,0.0001
Ac3_rdkit_conf_1,13,1,0.0003
Ac3_rdkit_conf_1,13,2,0.0000
Ac3_rdkit_conf_1,13,3,0.0006
Ac3_rdkit_conf_1,13,4,0.0006
Ac3_rdkit_conf_1,13,5,0.0010
Ac3_rdkit_conf_1,13,6,0.0001
Ac3_rdkit_conf_1,13,7,0.0000
Ac3_rdkit_conf_1,13,8,0.0000
Ac3_rdkit_conf_1,13,9,0.0000
Ac3_rdkit_conf_1,13,10,0.0031
Ac3_rdkit_conf_1,13,11,0.0225
Ac3_rdkit_conf_1,13,12,0.9109
Ac3_rdkit_conf_1,14,0,0.0000
Ac3_rdkit_conf_1,14,1,0.0000
Ac3_rdkit_conf_1,14,2,0.0000
Ac3_rdkit_conf_1,14,3,0.0007
Ac3_rdkit_conf_1,14,4,0.0023
Ac3_rdkit_conf_1,14,5,0.0005
Ac3_rdkit_conf_1,14,6,0.0002
Ac3_rdkit_conf_1,14,7,0.0000
Ac3_rdkit_conf_1,14,8,0.0000
Ac3_rdkit_conf_1,14,9,0.0000
Ac3_rdkit_conf_1,14,10,0.0079
Ac3_rdkit_conf_1,14,11,0.0220
Ac3_rdkit_conf_1,14,12,0.9048
Ac3_rdkit_conf_1,14,13,0.0450
Ac3_rdkit_conf_1,15,0,0.0000
Ac3_rdkit_conf_1,15,1,0.0000
Ac3_rdkit_conf_1,15,2,0.0000
Ac3_rdkit_conf_1,15,3,0.0007
Ac3_rdkit_conf_1,15,4,0.0023
Ac3_rdkit_conf_1,15,5,0.0005
Ac3_rdkit_conf_1,15,6,0.0002
Ac3_rdkit_conf_1,15,7,0.0000
Ac3_rdkit_conf_1,15,8,0.0000
Ac3_rdkit_conf_1,15,9,0.0000
Ac3_rdkit_conf_1,15,10,0.0079
Ac3_rdkit_conf_1,15,11,0.0220
Ac3_rdkit_conf_1,15,12,0.9047
Ac3_rdkit_conf_1,15,13,0.0451
Ac3_rdkit_conf_1,15,14,0.0459
Ac3_rdkit_conf_1,16,0,0.0274
Ac3_rdkit_conf_1,16,1,0.0105
Ac3_rdkit_conf_1,16,2,0.0051
Ac3_rdkit_conf_1,16,3,1.4271
Ac3_rdkit_conf_1,16,4,0.0105
Ac3_rdkit_conf_1,16,5,0.1047
Ac3_rdkit_conf_1,16,6,0.0029
Ac3_rdkit_conf_1,16,7,0.0006
Ac3_rdkit_conf_1,16,8,0.0023
Ac3_rdkit_conf_1,16,9,0.0023
Ac3_rdkit_conf_1,16,10,0.0118
Ac3_rdkit_conf_1,16,11,1.3927
Ac3_rdkit_conf_1,16,12,0.0083
Ac3_rdkit_conf_1,16,13,0.0063
Ac3_rdkit_conf_1,16,14,0.0043
Ac3_rdkit_conf_1,16,15,0.0044
Ac3_rdkit_conf_1,17,0,0.0043
Ac3_rdkit_conf_1,17,1,0.0013
Ac3_rdkit_conf_1,17,2,0.7280
Ac3_rdkit_conf_1,17,3,0.0133
Ac3_rdkit_conf_1,17,4,0.0003
Ac3_rdkit_conf_1,17,5,0.0003
Ac3_rdkit_conf_1,17,6,0.0000
Ac3_rdkit_conf_1,17,7,0.0000
Ac3_rdkit_conf_1,17,8,0.0000
Ac3_rdkit_conf_1,17,9,0.0000
Ac3_rdkit_conf_1,17,10,0.0001
Ac3_rdkit_conf_1,17,11,0.0001
Ac3_rdkit_conf_1,17,12,0.0000
Ac3_rdkit_conf_1,17,13,0.0000
Ac3_rdkit_conf_1,17,14,0.0000
Ac3_rdkit_conf_1,17,15,0.0000
Ac3_rdkit_conf_1,17,16,0.0006
Ac3_rdkit_conf_1,18,0,0.0015
Ac3_rdkit_conf_1,18,1,0.0025
Ac3_rdkit_conf_1,18,2,0.0008
Ac3_rdkit_conf_1,18,3,0.0024
Ac3_rdkit_conf_1,18,4,0.8980
Ac3_rdkit_conf_1,18,5,0.0022
Ac3_rdkit_conf_1,18,6,0.0030
Ac3_rdkit_conf_1,18,7,0.0006
Ac3_rdkit_conf_1,18,8,0.0003
Ac3_rdkit_conf_1,18,9,0.0003
Ac3_rdkit_conf_1,18,10,0.0096
Ac3_rdkit_conf_1,18,11,0.0008
Ac3_rdkit_conf_1,18,12,0.0005
Ac3_rdkit_conf_1,18,13,0.0000
Ac3_rdkit_conf_1,18,14,0.0000
Ac3_rdkit_conf_1,18,15,0.0000
Ac3_rdkit_conf_1,18,16,0.0090
Ac3_rdkit_conf_1,18,17,0.0000
Ac3_rdkit_conf_1,19,0,0.0000
Ac3_rdkit_conf_1,19,1,0.0005
Ac3_rdkit_conf_1,19,2,0.0000
Ac3_rdkit_conf_1,19,3,0.0008
Ac3_rdkit_conf_1,19,4,0.0092
Ac3_rdkit_conf_1,19,5,0.0020
Ac3_rdkit_conf_1,19,6,0.0026
Ac3_rdkit_conf_1,19,7,0.0004
Ac3_rdkit_conf_1,19,8,0.0002
Ac3_rdkit_conf_1,19,9,0.0002
Ac3_rdkit_conf_1,19,10,0.9049
Ac3_rdkit_conf_1,19,11,0.0023
Ac3_rdkit_conf_1,19,12,0.0030
Ac3_rdkit_conf_1,19,13,0.0006
Ac3_rdkit_conf_1,19,14,0.0003
Ac3_rdkit_conf_1,19,15,0.0003
Ac3_rdkit_conf_1,19,16,0.0096
Ac3_rdkit_conf_1,19,17,0.0000
Ac3_rdkit_conf_1,19,18,0.0003
Ac3_rdkit_conf_1,20,0,0.0006
Ac3_rdkit_conf_1,20,1,0.0025
Ac3_rdkit_conf_1,20,2,0.0007
Ac3_rdkit_conf_1,20,3,0.0026
Ac3_rdkit_conf_1,20,4,0.0096
Ac3_rdkit_conf_1,20,5,0.0008
Ac3_rdkit_conf_1,20,6,0.0005
Ac3_rdkit_conf_1,20,7,0.0000
Ac3_rdkit_conf_1,20,8,0.0000
Ac3_rdkit_conf_1,20,9,0.0000
Ac3_rdkit_conf_1,20,10,0.0093
Ac3_rdkit_conf_1,20,11,0.0019
Ac3_rdkit_conf_1,20,12,0.0026
Ac3_rdkit_conf_1,20,13,0.0004
Ac3_rdkit_conf_1,20,14,0.0002
Ac3_rdkit_conf_1,20,15,0.0002
Ac3_rdkit_conf_1,20,16,0.9042
Ac3_rdkit_conf_1,20,17,0.0001
Ac3_rdkit_conf_1,20,18,0.0003
Ac3_rdkit_conf_1,20,19,0.0003
Ac2_rdkit_conf_3,1,0,1.0061
Ac2_rdkit_conf_3,2,0,0.0065
Ac2_rdkit_conf_3,2,1,1.0034
Ac2_rdkit_conf_3,3,0,0.0065
Ac2_rdkit_conf_3,3,1,1.0035
Ac2_rdkit_conf_3,3,2,0.0060
Ac2_rdkit_conf_3,4,0,0.0110
Ac2_rdkit_conf_3,4,1,0.8441
Ac2_rdkit_conf_3,4,2,0.0180
Ac2_rdkit_conf_3,4,3,0.0177
Ac2_rdkit_conf_3,5,0,0.0084
Ac2_rdkit_conf_3,5,1,0.0052
Ac2_rdkit_conf_3,5,2,0.0032
Ac2_rdkit_conf_3,5,3,0.0031
Ac2_rdkit_conf_3,5,4,1.0335
Ac2_rdkit_conf_3,6,0,0.0008
Ac2_rdkit_conf_3,6,1,0.0046
Ac2_rdkit_conf_3,6,2,0.0038
Ac2_rdkit_conf_3,6,3,0.0038
Ac2_rdkit_conf_3,6,4,0.1315
Ac2_rdkit_conf_3,6,5,1.6533
Ac2_rdkit_conf_3,7,0,0.0003
Ac2_rdkit_conf_3,7,1,0.0133
Ac2_rdkit_conf_3,7,2,0.0011
Ac2_rdkit_conf_3,7,3,0.0013
Ac2_rdkit_conf_3,7,4,0.0360
Ac2_rdkit_conf_3,7,5,1.1037
Ac2_rdkit_conf_3,7,6,0.1275
Ac2_rdkit_conf_3,8,0,0.0002
Ac2_rdkit_conf_3,8,1,0.0013
Ac2_rdkit_conf_3,8,2,0.0001
Ac2_rdkit_conf_3,8,3,0.0001
Ac2_rdkit_conf_3,8,4,0.0104
Ac2_rdkit_conf_3,8,5,0.0069
Ac2_rdkit_conf_3,8,6,0.0043
Ac2_rdkit_conf_3,8,7,1.0055
Ac2_rdkit_conf_3,9,0,0.0000
Ac2_rdkit_conf_3,9,1,0.0001
Ac2_rdkit_conf_3,9,2,0.0001
Ac2_rdkit_conf_3,9,3,0.0001
Ac2_rdkit_conf_3,9,4,0.0020
Ac2_rdkit_conf_3,9,5,0.0053
Ac2_rdkit_conf_3,9,6,0.0033
Ac2_rdkit_conf_3,9,7,0.0252
Ac2_rdkit_conf_3,9,8,0.9463
Ac2_rdkit_conf_3,10,0,0.0000
Ac2_rdkit_conf_3,10,1,0.0001
Ac2_rdkit_conf_3,10,2,0.0000
Ac2_rdkit_conf_3,10,3,0.0001
Ac2_rdkit_conf_3,10,4,0.0002
Ac2_rdkit_conf_3,10,5,0.0016
Ac2_rdkit_conf_3,10,6,0.0008
Ac2_rdkit_conf_3,10,7,0.0028
Ac2_rdkit_conf_3,10,8,0.0573
Ac2_rdkit_conf_3,10,9,1.7844
Ac2_rdkit_conf_3,11,0,0.0000
Ac2_rdkit_conf_3,11,1,0.0000
Ac2_rdkit_conf_3,11,2,0.0000
Ac2_rdkit_conf_3,11,3,0.0000
Ac2_rdkit_conf_3,11,4,0.0004
Ac2_rdkit_conf_3,11,5,0.0013
Ac2_rdkit_conf_3,11,6,0.0004
Ac2_rdkit_conf_3,11,7,0.0068
Ac2_rdkit_conf_3,11,8,0.0164
Ac2_rdkit_conf_3,11,9,1.0505
Ac2_rdkit_conf_3,11,10,0.1521
Ac2_rdkit_conf_3,12,0,0.9380
Ac2_rdkit_conf_3,12,1,0.0013
Ac2_rdkit_conf_3,12,2,0.0009
Ac2_rdkit_conf_3,12,3,0.0112
Ac2_rdkit_conf_3,12,4,0.0011
Ac2_rdkit_conf_3,12,5,0.0002
Ac2_rdkit_conf_3,12,6,0.0000
Ac2_rdkit_conf_3,12,7,0.0000
Ac2_rdkit_conf_3,12,8,0.0000
Ac2_rdkit_conf_3,12,9,0.0000
Ac2_rdkit_conf_3,12,10,0.0000
Ac2_rdkit_conf_3,12,11,0.0000
Ac2_rdkit_conf_3,13,0,0.9377
Ac2_rdkit_conf_3,13,1,0.0013
Ac2_rdkit_conf_3,13,2,0.0111
Ac2_rdkit_conf_3,13,3,0.0009
Ac2_rdkit_conf_3,13,4,0.0010
Ac2_rdkit_conf_3,13,5,0.0002
Ac2_rdkit_conf_3,13,6,0.0000
Ac2_rdkit_conf_3,13,7,0.0000
Ac2_rdkit_conf_3,13,8,0.0000
Ac2_rdkit_conf_3,13,9,0.0000
Ac2_rdkit_conf_3,13,10,0.0000
Ac2_rdkit_conf_3,13,11,0.0000
Ac2_rdkit_conf_3,13,12,0.0002
Ac2_rdkit_conf_3,14,0,0.9386
Ac2_rdkit_conf_3,14,1,0.0036
Ac2_rdkit_conf_3,14,2,0.0004
Ac2_rdkit_conf_3,14,3,0.0004
Ac2_rdkit_conf_3,14,4,0.0103
Ac2_rdkit_conf_3,14,5,0.0007
Ac2_rdkit_conf_3,14,6,0.0004
Ac2_rdkit_conf_3,14,7,0.0005
Ac2_rdkit_conf_3,14,8,0.0001
Ac2_rdkit_conf_3,14,9,0.0000
Ac2_rdkit_conf_3,14,10,0.0000
Ac2_rdkit_conf_3,14,11,0.0000
Ac2_rdkit_conf_3,14,12,0.0003
Ac2_rdkit_conf_3,14,13,0.0003
Ac2_rdkit_conf_3,15,0,0.0008
Ac2_rdkit_conf_3,15,1,0.0015
Ac2_rdkit_conf_3,15,2,0.9386
Ac2_rdkit_conf_3,15,3,0.0112
Ac2_rdkit_conf_3,15,4,0.0015
Ac2_rdkit_conf_3,15,5,0.0001
Ac2_rdkit_conf_3,15,6,0.0001
Ac2_rdkit_conf_3,15,7,0.0000
Ac2_rdkit_conf_3,15,8,0.0000
Ac2_rdkit_conf_3,15,9,0.0000
Ac2_rdkit_conf_3,15,10,0.0000
Ac2_rdkit_conf_3,15,11,0.0000
Ac2_rdkit_conf_3,15,12,0.0001
Ac2_rdkit_conf_3,15,13,0.0002
Ac2_rdkit_conf_3,15,14,0.0000
Ac2_rdkit_conf_3,16,0,0.0101
Ac2_rdkit_conf_3,16,1,0.0013
Ac2_rdkit_conf_3,16,2,0.9262
Ac2_rdkit_conf_3,16,3,0.0010
Ac2_rdkit_conf_3,16,4,0.0010
Ac2_rdkit_conf_3,16,5,0.0001
Ac2_rdkit_conf_3,16,6,0.0013
Ac2_rdkit_conf_3,16,7,0.0002
Ac2_rdkit_conf_3,16,8,0.0000
Ac2_rdkit_conf_3,16,9,0.0000
Ac2_rdkit_conf_3,16,10,0.0000
Ac2_rdkit_conf_3,16,11,0.0000
Ac2_rdkit_conf_3,16,12,0.0002
Ac2_rdkit_conf_3,16,13,0.0010
Ac2_rdkit_conf_3,16,14,0.0003
Ac2_rdkit_conf_3,16,15,0.0002
Ac2_rdkit_conf_3,17,0,0.0008
Ac2_rdkit_conf_3,17,1,0.0045
Ac2_rdkit_conf_3,17,2,0.9351
Ac2_rdkit_conf_3,17,3,0.0003
Ac2_rdkit_conf_3,17,4,0.0111
Ac2_rdkit_conf_3,17,5,0.0006
Ac2_rdkit_conf_3,17,6,0.0008
Ac2_rdkit_conf_3,17,7,0.0009
Ac2_rdkit_conf_3,17,8,0.0001
Ac2_rdkit_conf_3,17,9,0.0000
Ac2_rdkit_conf_3,17,10,0.0000
Ac2_rdkit_conf_3,17,11,0.0000
Ac2_rdkit_conf_3,17,12,0.0000
Ac2_rdkit_conf_3,17,13,0.0004
Ac2_rdkit_conf_3,17,14,0.0001
Ac2_rdkit_conf_3,17,15,0.0004
Ac2_rdkit_conf_3,17,16,0.0004
Ac2_rdkit_conf_3,18,0,0.0007
Ac2_rdkit_conf_3,18,1,0.0015
Ac2_rdkit_conf_3,18,2,0.0110
Ac2_rdkit_conf_3,18,3,0.9367
Ac2_rdkit_conf_3,18,4,0.0016
Ac2_rdkit_conf_3,18,5,0.0001
Ac2_rdkit_conf_3,18,6,0.0001
Ac2_rdkit_conf_3,18,7,0.0000
Ac2_rdkit_conf_3,18,8,0.0000
Ac2_rdkit_conf_3,18,9,0.0000
Ac2_rdkit_conf_3,18,10,0.0001
Ac2_rdkit_conf_3,18,11,0.0000
Ac2_rdkit_conf_3,18,12,0.0001
Ac2_rdkit_conf_3,18,13,0.0001
Ac2_rdkit_conf_3,18,14,0.0000
Ac2_rdkit_conf_3,18,15,0.0010
Ac2_rdkit_conf_3,18,16,0.0002
Ac2_rdkit_conf_3,18,17,0.0003
Ac2_rdkit_conf_3,19,0,0.0008
Ac2_rdkit_conf_3,19,1,0.0045
Ac2_rdkit_conf_3,19,2,0.0002
Ac2_rdkit_conf_3,19,3,0.9354
Ac2_rdkit_conf_3,19,4,0.0110
Ac2_rdkit_conf_3,19,5,0.0007
Ac2_rdkit_conf_3,19,6,0.0007
Ac2_rdkit_conf_3,19,7,0.0009
Ac2_rdkit_conf_3,19,8,0.0001
Ac2_rdkit_conf_3,19,9,0.0000
Ac2_rdkit_conf_3,19,10,0.0000
Ac2_rdkit_conf_3,19,11,0.0000
Ac2_rdkit_conf_3,19,12,0.0005
Ac2_rdkit_conf_3,19,13,0.0000
Ac2_rdkit_conf_3,19,14,0.0001
Ac2_rdkit_conf_3,19,15,0.0003
Ac2_rdkit_conf_3,19,16,0.0000
Ac2_rdkit_conf_3,19,17,0.0000
Ac2_rdkit_conf_3,19,18,0.0004
Ac2_rdkit_conf_3,20,0,0.0101
Ac2_rdkit_conf_3,20,1,0.0013
Ac2_rdkit_conf_3,20,2,0.0010
Ac2_rdkit_conf_3,20,3,0.9262
Ac2_rdkit_conf_3,20,4,0.0009
Ac2_rdkit_conf_3,20,5,0.0001
Ac2_rdkit_conf_3,20,6,0.0013
Ac2_rdkit_conf_3,20,7,0.0002
Ac2_rdkit_conf_3,20,8,0.0000
Ac2_rdkit_conf_3,20,9,0.0000
Ac2_rdkit_conf_3,20,10,0.0000
Ac2_rdkit_conf_3,20,11,0.0000
Ac2_rdkit_conf_3,20,12,0.0010
Ac2_rdkit_conf_3,20,13,0.0002
Ac2_rdkit_conf_3,20,14,0.0003
Ac2_rdkit_conf_3,20,15,0.0002
Ac2_rdkit_conf_3,20,16,0.0001
Ac2_rdkit_conf_3,20,17,0.0000
Ac2_rdkit_conf_3,20,18,0.0002
Ac2_rdkit_conf_3,20,19,0.0003
Ac2_rdkit_conf_3,21,0,0.0001
Ac2_rdkit_conf_3,21,1,0.0005
Ac2_rdkit_conf_3,21,2,0.0000
Ac2_rdkit_conf_3,21,3,0.0000
Ac2_rdkit_conf_3,21,4,0.0006
Ac2_rdkit_conf_3,21,5,0.0019
Ac2_rdkit_conf_3,21,6,0.0114
Ac2_rdkit_conf_3,21,7,0.8089
Ac2_rdkit_conf_3,21,8,0.0031
Ac2_rdkit_conf_3,21,9,0.0003
Ac2_rdkit_conf_3,21,10,0.0003
Ac2_rdkit_conf_3,21,11,0.0001
Ac2_rdkit_conf_3,21,12,0.0000
Ac2_rdkit_conf_3,21,13,0.0000
Ac2_rdkit_conf_3,21,14,0.0000
Ac2_rdkit_conf_3,21,15,0.0000
Ac2_rdkit_conf_3,21,16,0.0000
Ac2_rdkit_conf_3,21,17,0.0000
Ac2_rdkit_conf_3,21,18,0.0000
Ac2_rdkit_conf_3,21,19,0.0000
Ac2_rdkit_conf_3,21,20,0.0000
Ac2_rdkit_conf_3,22,0,0.0000
Ac2_rdkit_conf_3,22,1,0.0003
Ac2_rdkit_conf_3,22,2,0.0000
Ac2_rdkit_conf_3,22,3,0.0000
Ac2_rdkit_conf_3,22,4,0.0005
Ac2_rdkit_conf_3,22,5,0.0082
Ac2_rdkit_conf_3,22,6,0.0010
Ac2_rdkit_conf_3,22,7,0.0054
Ac2_rdkit_conf_3,22,8,0.9101
Ac2_rdkit_conf_3,22,9,0.0047
Ac2_rdkit_conf_3,22,10,0.0125
Ac2_rdkit_conf_3,22,11,0.0019
Ac2_rdkit_conf_3,22,12,0.0000
Ac2_rdkit_conf_3,22,13,0.0000
Ac2_rdkit_conf_3,22,14,0.0000
Ac2_rdkit_conf_3,22,15,0.0000
Ac2_rdkit_conf_3,22,16,0.0000
Ac2_rdkit_conf_3,22,17,0.0000
Ac2_rdkit_conf_3,22,18,0.0000
Ac2_rdkit_conf_3,22,19,0.0000
Ac2_rdkit_conf_3,22,20,0.0000
Ac2_rdkit_conf_3,22,21,0.0014
Ac2_rdkit_conf_3,23,0,0.0000
Ac2_rdkit_conf_3,23,1,0.0000
Ac2_rdkit_conf_3,23,2,0.0000
Ac2_rdkit_conf_3,23,3,0.0000
Ac2_rdkit_conf_3,23,4,0.0009
Ac2_rdkit_conf_3,23,5,0.0018
Ac2_rdkit_conf_3,23,6,0.0027
Ac2_rdkit_conf_3,23,7,0.0061
Ac2_rdkit_conf_3,23,8,0.8968
Ac2_rdkit_conf_3,23,9,0.0043
Ac2_rdkit_conf_3,23,10,0.0122
Ac2_rdkit_conf_3,23,11,0.0012
Ac2_rdkit_conf_3,23,12,0.0000
Ac2_rdkit_conf_3,23,13,0.0000
Ac2_rdkit_conf_3,23,14,0.0000
Ac2_rdkit_conf_3,23,15,0.0000
Ac2_rdkit_conf_3,23,16,0.0000
Ac2_rdkit_conf_3,23,17,0.0000
Ac2_rdkit_conf_3,23,18,0.0000
Ac2_rdkit_conf_3,23,19,0.0000
Ac2_rdkit_conf_3,23,20,0.0000
Ac2_rdkit_conf_3,23,21,0.0089
Ac2_rdkit_conf_3,23,22,0.0012
Ac2_rdkit_conf_3,24,0,0.0000
Ac2_rdkit_conf_3,24,1,0.0000
Ac2_rdkit_conf_3,24,2,0.0000
Ac2_rdkit_conf_3,24,3,0.0000
Ac2_rdkit_conf_3,24,4,0.0001
Ac2_rdkit_conf_3,24,5,0.0002
Ac2_rdkit_conf_3,24,6,0.0002
Ac2_rdkit_conf_3,24,7,0.0016
Ac2_rdkit_conf_3,24,8,0.0143
Ac2_rdkit_conf_3,24,9,0.0021
Ac2_rdkit_conf_3,24,10,0.0045
Ac2_rdkit_conf_3,24,11,0.7339
Ac2_rdkit_conf_3,24,12,0.0000
Ac2_rdkit_conf_3,24,13,0.0000
Ac2_rdkit_conf_3,24,14,0.0000
Ac2_rdkit_conf_3,24,15,0.0000
Ac2_rdkit_conf_3,24,16,0.0000
Ac2_rdkit_conf_3,24,17,0.0000
Ac2_rdkit_conf_3,24,18,0.0000
Ac2_rdkit_conf_3,24,19,0.0000
Ac2_rdkit_conf_3,24,20,0.0000
Ac2_rdkit_conf_3,24,21,0.0000
Ac2_rdkit_conf_3,24,22,0.0001
Ac2_rdkit_conf_3,24,23,0.0001
Ac7_rdkit_conf_1,1,0,1.7713
Ac7_rdkit_conf_1,2,0,0.1493
Ac7_rdkit_conf_1,2,1,1.0394
Ac7_rdkit_conf_1,3,0,0.0524
Ac7_rdkit_conf_1,3,1,0.9585
Ac7_rdkit_conf_1,3,2,0.0149
Ac7_rdkit_conf_1,4,0,0.0037
Ac7_rdkit_conf_1,4,1,0.0069
Ac7_rdkit_conf_1,4,2,0.0073
Ac7_rdkit_conf_1,4,3,1.0026
Ac7_rdkit_conf_1,5,0,0.0015
Ac7_rdkit_conf_1,5,1,0.0014
Ac7_rdkit_conf_1,5,2,0.0004
Ac7_rdkit_conf_1,5,3,0.0044
Ac7_rdkit_conf_1,5,4,1.0167
Ac7_rdkit_conf_1,6,0,0.0003
Ac7_rdkit_conf_1,6,1,0.0004
Ac7_rdkit_conf_1,6,2,0.0002
Ac7_rdkit_conf_1,6,3,0.0020
Ac7_rdkit_conf_1,6,4,0.0048
Ac7_rdkit_conf_1,6,5,1.0177
Ac7_rdkit_conf_1,7,0,0.0012
Ac7_rdkit_conf_1,7,1,0.0022
Ac7_rdkit_conf_1,7,2,0.0007
Ac7_rdkit_conf_1,7,3,0.0047
Ac7_rdkit_conf_1,7,4,0.0020
Ac7_rdkit_conf_1,7,5,0.0049
Ac7_rdkit_conf_1,7,6,1.0173
Ac7_rdkit_conf_1,8,0,0.0121
Ac7_rdkit_conf_1,8,1,0.0093
Ac7_rdkit_conf_1,8,2,0.0025
Ac7_rdkit_conf_1,8,3,0.9947
Ac7_rdkit_conf_1,8,4,0.0055
Ac7_rdkit_conf_1,8,5,0.0021
Ac7_rdkit_conf_1,8,6,0.0050
Ac7_rdkit_conf_1,8,7,1.0176
Ac7_rdkit_conf_1,9,0,0.0048
Ac7_rdkit_conf_1,9,1,0.0021
Ac7_rdkit_conf_1,9,2,0.7349
Ac7_rdkit_conf_1,9,3,0.0153
Ac7_rdkit_conf_1,9,4,0.0007
Ac7_rdkit_conf_1,9,5,0.0000
Ac7_rdkit_conf_1,9,6,0.0000
Ac7_rdkit_conf_1,9,7,0.0001
Ac7_rdkit_conf_1,9,8,0.0005
Ac7_rdkit_conf_1,10,0,0.0153
Ac7_rdkit_conf_1,10,1,0.0067
Ac7_rdkit_conf_1,10,2,0.0028
Ac7_rdkit_conf_1,10,3,0.8897
Ac7_rdkit_conf_1,10,4,0.0017
Ac7_rdkit_conf_1,10,5,0.0095
Ac7_rdkit_conf_1,10,6,0.0002
Ac7_rdkit_conf_1,10,7,0.0095
Ac7_rdkit_conf_1,10,8,0.0020
Ac7_rdkit_conf_1,10,9,0.0001
Ac7_rdkit_conf_1,11,0,0.0009
Ac7_rdkit_conf_1,11,1,0.0100
Ac7_rdkit_conf_1,11,2,0.0003
Ac7_rdkit_conf_1,11,3,0.0012
Ac7_rdkit_conf_1,11,4,0.9275
Ac7_rdkit_conf_1,11,5,0.0023
Ac7_rdkit_conf_1,11,6,0.0008
Ac7_rdkit_conf_1,11,7,0.0001
Ac7_rdkit_conf_1,11,8,0.0006
Ac7_rdkit_conf_1,11,9,0.0005
Ac7_rdkit_conf_1,11,10,0.0018
Ac7_rdkit_conf_1,12,0,0.0004
Ac7_rdkit_conf_1,12,1,0.0016
Ac7_rdkit_conf_1,12,2,0.0004
Ac7_rdkit_conf_1,12,3,0.0009
Ac7_rdkit_conf_1,12,4,0.9208
Ac7_rdkit_conf_1,12,5,0.0012
Ac7_rdkit_conf_1,12,6,0.0095
Ac7_rdkit_conf_1,12,7,0.0002
Ac7_rdkit_conf_1,12,8,0.0095
Ac7_rdkit_conf_1,12,9,0.0000
Ac7_rdkit_conf_1,12,10,0.0010
Ac7_rdkit_conf_1,12,11,0.0002
Ac7_rdkit_conf_1,13,0,0.0002
Ac7_rdkit_conf_1,13,1,0.0002
Ac7_rdkit_conf_1,13,2,0.0002
Ac7_rdkit_conf_1,13,3,0.0099
Ac7_rdkit_conf_1,13,4,0.0012
Ac7_rdkit_conf_1,13,5,0.9271
Ac7_rdkit_conf_1,13,6,0.0011
Ac7_rdkit_conf_1,13,7,0.0100
Ac7_rdkit_conf_1,13,8,0.0002
Ac7_rdkit_conf_1,13,9,0.0000
Ac7_rdkit_conf_1,13,10,0.0003
Ac7_rdkit_conf_1,13,11,0.0017
Ac7_rdkit_conf_1,13,12,0.0013
Ac7_rdkit_conf_1,14,0,0.0007
Ac7_rdkit_conf_1,14,1,0.0004
Ac7_rdkit_conf_1,14,2,0.0003
Ac7_rdkit_conf_1,14,3,0.0007
Ac7_rdkit_conf_1,14,4,0.0020
Ac7_rdkit_conf_1,14,5,0.9201
Ac7_rdkit_conf_1,14,6,0.0017
Ac7_rdkit_conf_1,14,7,0.0008
Ac7_rdkit_conf_1,14,8,0.0001
Ac7_rdkit_conf_1,14,9,0.0000
Ac7_rdkit_conf_1,14,10,0.0002
Ac7_rdkit_conf_1,14,11,0.0130
Ac7_rdkit_conf_1,14,12,0.0015
Ac7_rdkit_conf_1,14,13,0.0002
Ac7_rdkit_conf_1,15,0,0.0000
Ac7_rdkit_conf_1,15,1,0.0001
Ac7_rdkit_conf_1,15,2,0.0000
Ac7_rdkit_conf_1,15,3,0.0002
Ac7_rdkit_conf_1,15,4,0.0100
Ac7_rdkit_conf_1,15,5,0.0011
Ac7_rdkit_conf_1,15,6,0.9280
Ac7_rdkit_conf_1,15,7,0.0011
Ac7_rdkit_conf_1,15,8,0.0099
Ac7_rdkit_conf_1,15,9,0.0000
Ac7_rdkit_conf_1,15,10,0.0004
Ac7_rdkit_conf_1,15,11,0.0001
Ac7_rdkit_conf_1,15,12,0.0005
Ac7_rdkit_conf_1,15,13,0.0014
Ac7_rdkit_conf_1,15,14,0.0014
Ac7_rdkit_conf_1,16,0,0.0001
Ac7_rdkit_conf_1,16,1,0.0003
Ac7_rdkit_conf_1,16,2,0.0000
Ac7_rdkit_conf_1,16,3,0.0001
Ac7_rdkit_conf_1,16,4,0.0008
Ac7_rdkit_conf_1,16,5,0.0023
Ac7_rdkit_conf_1,16,6,0.9281
Ac7_rdkit_conf_1,16,7,0.0019
Ac7_rdkit_conf_1,16,8,0.0009
Ac7_rdkit_conf_1,16,9,0.0000
Ac7_rdkit_conf_1,16,10,0.0000
Ac7_rdkit_conf_1,16,11,0.0004
Ac7_rdkit_conf_1,16,12,0.0001
Ac7_rdkit_conf_1,16,13,0.0015
Ac7_rdkit_conf_1,16,14,0.0135
Ac7_rdkit_conf_1,16,15,0.0002
Ac7_rdkit_conf_1,17,0,0.0001
Ac7_rdkit_conf_1,17,1,0.0003
Ac7_rdkit_conf_1,17,2,0.0000
Ac7_rdkit_conf_1,17,3,0.0102
Ac7_rdkit_conf_1,17,4,0.0002
Ac7_rdkit_conf_1,17,5,0.0099
Ac7_rdkit_conf_1,17,6,0.0011
Ac7_rdkit_conf_1,17,7,0.9264
Ac7_rdkit_conf_1,17,8,0.0012
Ac7_rdkit_conf_1,17,9,0.0000
Ac7_rdkit_conf_1,17,10,0.0003
Ac7_rdkit_conf_1,17,11,0.0000
Ac7_rdkit_conf_1,17,12,0.0004
Ac7_rdkit_conf_1,17,13,0.0005
Ac7_rdkit_conf_1,17,14,0.0001
Ac7_rdkit_conf_1,17,15,0.0015
Ac7_rdkit_conf_1,17,16,0.0013
Ac7_rdkit_conf_1,18,0,0.0002
Ac7_rdkit_conf_1,18,1,0.0011
Ac7_rdkit_conf_1,18,2,0.0001
Ac7_rdkit_conf_1,18,3,0.0011
Ac7_rdkit_conf_1,18,4,0.0001
Ac7_rdkit_conf_1,18,5,0.0009
Ac7_rdkit_conf_1,18,6,0.0021
Ac7_rdkit_conf_1,18,7,0.9250
Ac7_rdkit_conf_1,18,8,0.0020
Ac7_rdkit_conf_1,18,9,0.0000
Ac7_rdkit_conf_1,18,10,0.0002
Ac7_rdkit_conf_1,18,11,0.0002
Ac7_rdkit_conf_1,18,12,0.0000
Ac7_rdkit_conf_1,18,13,0.0001
Ac7_rdkit_conf_1,18,14,0.0004
Ac7_rdkit_conf_1,18,15,0.0013
Ac7_rdkit_conf_1,18,16,0.0139
Ac7_rdkit_conf_1,18,17,0.0002
Ac7_rdkit_conf_1,19,0,0.0003
Ac7_rdkit_conf_1,19,1,0.0015
Ac7_rdkit_conf_1,19,2,0.0004
Ac7_rdkit_conf_1,19,3,0.0009
Ac7_rdkit_conf_1,19,4,0.0092
Ac7_rdkit_conf_1,19,5,0.0002
Ac7_rdkit_conf_1,19,6,0.0095
Ac7_rdkit_conf_1,19,7,0.0011
Ac7_rdkit_conf_1,19,8,0.9216
Ac7_rdkit_conf_1,19,9,0.0001
Ac7_rdkit_conf_1,19,10,0.0011
Ac7_rdkit_conf_1,19,11,0.0002
Ac7_rdkit_conf_1,19,12,0.0006
Ac7_rdkit_conf_1,19,13,0.0004
Ac7_rdkit_conf_1,19,14,0.0000
Ac7_rdkit_conf_1,19,15,0.0005
Ac7_rdkit_conf_1,19,16,0.0002
Ac7_rdkit_conf_1,19,17,0.0015
Ac7_rdkit_conf_1,19,18,0.0012
Ac7_rdkit_conf_1,20,0,0.0015
Ac7_rdkit_conf_1,20,1,0.0100
Ac7_rdkit_conf_1,20,2,0.0011
Ac7_rdkit_conf_1,20,3,0.0012
Ac7_rdkit_conf_1,20,4,0.0007
Ac7_rdkit_conf_1,20,5,0.0001
Ac7_rdkit_conf_1,20,6,0.0010
Ac7_rdkit_conf_1,20,7,0.0023
Ac7_rdkit_conf_1,20,8,0.9244
Ac7_rdkit_conf_1,20,9,0.0001
Ac7_rdkit_conf_1,20,10,0.0019
Ac7_rdkit_conf_1,20,11,0.0002
Ac7_rdkit_conf_1,20,12,0.0002
Ac7_rdkit_conf_1,20,13,0.0000
Ac7_rdkit_conf_1,20,14,0.0002
Ac7_rdkit_conf_1,20,15,0.0002
Ac7_rdkit_conf_1,20,16,0.0005
Ac7_rdkit_conf_1,20,17,0.0014
Ac7_rdkit_conf_1,20,18,0.0142
Ac7_rdkit_conf_1,20,19,0.0002
Ac2_rdkit_conf_4,1,0,1.0058
Ac2_rdkit_conf_4,2,0,0.0065
Ac2_rdkit_conf_4,2,1,1.0029
Ac2_rdkit_conf_4,3,0,0.0065
Ac2_rdkit_conf_4,3,1,1.0029
Ac2_rdkit_conf_4,3,2,0.0060
Ac2_rdkit_conf_4,4,0,0.0110
Ac2_rdkit_conf_4,4,1,0.8481
Ac2_rdkit_conf_4,4,2,0.0183
Ac2_rdkit_conf_4,4,3,0.0183
Ac2_rdkit_conf_4,5,0,0.0086
Ac2_rdkit_conf_4,5,1,0.0050
Ac2_rdkit_conf_4,5,2,0.0029
Ac2_rdkit_conf_4,5,3,0.0029
Ac2_rdkit_conf_4,5,4,1.0224
Ac2_rdkit_conf_4,6,0,0.0008
Ac2_rdkit_conf_4,6,1,0.0047
Ac2_rdkit_conf_4,6,2,0.0038
Ac2_rdkit_conf_4,6,3,0.0038
Ac2_rdkit_conf_4,6,4,0.1274
Ac2_rdkit_conf_4,6,5,1.6329
Ac2_rdkit_conf_4,7,0,0.0003
Ac2_rdkit_conf_4,7,1,0.0128
Ac2_rdkit_conf_4,7,2,0.0013
Ac2_rdkit_conf_4,7,3,0.0013
Ac2_rdkit_conf_4,7,4,0.0392
Ac2_rdkit_conf_4,7,5,1.1426
Ac2_rdkit_conf_4,7,6,0.1350
Ac2_rdkit_conf_4,8,0,0.0003
Ac2_rdkit_conf_4,8,1,0.0012
Ac2_rdkit_conf_4,8,2,0.0001
Ac2_rdkit_conf_4,8,3,0.0001
Ac2_rdkit_conf_4,8,4,0.0104
Ac2_rdkit_conf_4,8,5,0.0060
Ac2_rdkit_conf_4,8,6,0.0044
Ac2_rdkit_conf_4,8,7,0.9987
Ac2_rdkit_conf_4,9,0,0.0000
Ac2_rdkit_conf_4,9,1,0.0002
Ac2_rdkit_conf_4,9,2,0.0000
Ac2_rdkit_conf_4,9,3,0.0000
Ac2_rdkit_conf_4,9,4,0.0005
Ac2_rdkit_conf_4,9,5,0.0065
Ac2_rdkit_conf_4,9,6,0.0016
Ac2_rdkit_conf_4,9,7,0.0060
Ac2_rdkit_conf_4,9,8,0.9718
Ac2_rdkit_conf_4,10,0,0.0000
Ac2_rdkit_conf_4,10,1,0.0000
Ac2_rdkit_conf_4,10,2,0.0000
Ac2_rdkit_conf_4,10,3,0.0000
Ac2_rdkit_conf_4,10,4,0.0001
Ac2_rdkit_conf_4,10,5,0.0008
Ac2_rdkit_conf_4,10,6,0.0006
Ac2_rdkit_conf_4,10,7,0.0050
Ac2_rdkit_conf_4,10,8,0.0559
Ac2_rdkit_conf_4,10,9,1.7661
Ac2_rdkit_conf_4,11,0,0.0000
Ac2_rdkit_conf_4,11,1,0.0001
Ac2_rdkit_conf_4,11,2,0.0000
Ac2_rdkit_conf_4,11,3,0.0000
Ac2_rdkit_conf_4,11,4,0.0003
Ac2_rdkit_conf_4,11,5,0.0005
Ac2_rdkit_conf_4,11,6,0.0001
Ac2_rdkit_conf_4,11,7,0.0052
Ac2_rdkit_conf_4,11,8,0.0164
Ac2_rdkit_conf_4,11,9,1.0626
Ac2_rdkit_conf_4,11,10,0.1517
Ac2_rdkit_conf_4,12,0,0.9378
Ac2_rdkit_conf_4,12,1,0.0013
Ac2_rdkit_conf_4,12,2,0.0009
Ac2_rdkit_conf_4,12,3,0.0111
Ac2_rdkit_conf_4,12,4,0.0011
Ac2_rdkit_conf_4,12,5,0.0002
Ac2_rdkit_conf_4,12,6,0.0000
Ac2_rdkit_conf_4,12,7,0.0000
Ac2_rdkit_conf_4,12,8,0.0000
Ac2_rdkit_conf_4,12,9,0.0000
Ac2_rdkit_conf_4,12,10,0.0000
Ac2_rdkit_conf_4,12,11,0.0000
Ac2_rdkit_conf_4,13,0,0.9388
Ac2_rdkit_conf_4,13,1,0.0035
Ac2_rdkit_conf_4,13,2,0.0004
Ac2_rdkit_conf_4,13,3,0.0004
Ac2_rdkit_conf_4,13,4,0.0103
Ac2_rdkit_conf_4,13,5,0.0007
Ac2_rdkit_conf_4,13,6,0.0004
Ac2_rdkit_conf_4,13,7,0.0004
Ac2_rdkit_conf_4,13,8,0.0001
Ac2_rdkit_conf_4,13,9,0.0000
Ac2_rdkit_conf_4,13,10,0.0000
Ac2_rdkit_conf_4,13,11,0.0000
Ac2_rdkit_conf_4,13,12,0.0003
Ac2_rdkit_conf_4,14,0,0.9378
Ac2_rdkit_conf_4,14,1,0.0013
Ac2_rdkit_conf_4,14,2,0.0111
Ac2_rdkit_conf_4,14,3,0.0009
Ac2_rdkit_conf_4,14,4,0.0011
Ac2_rdkit_conf_4,14,5,0.0002
Ac2_rdkit_conf_4,14,6,0.0000
Ac2_rdkit_conf_4,14,7,0.0000
Ac2_rdkit_conf_4,14,8,0.0000
Ac2_rdkit_conf_4,14,9,0.0000
Ac2_rdkit_conf_4,14,10,0.0000
Ac2_rdkit_conf_4,14,11,0.0000
Ac2_rdkit_conf_4,14,12,0.0002
Ac2_rdkit_conf_4,14,13,0.0003
Ac2_rdkit_conf_4,15,0,0.0101
Ac2_rdkit_conf_4,15,1,0.0013
Ac2_rdkit_conf_4,15,2,0.9260
Ac2_rdkit_conf_4,15,3,0.0010
Ac2_rdkit_conf_4,15,4,0.0010
Ac2_rdkit_conf_4,15,5,0.0001
Ac2_rdkit_conf_4,15,6,0.0014
Ac2_rdkit_conf_4,15,7,0.0002
Ac2_rdkit_conf_4,15,8,0.0000
Ac2_rdkit_conf_4,15,9,0.0000
Ac2_rdkit_conf_4,15,10,0.0000
Ac2_rdkit_conf_4,15,11,0.0000
Ac2_rdkit_conf_4,15,12,0.0002
Ac2_rdkit_conf_4,15,13,0.0003
Ac2_rdkit_conf_4,15,14,0.0010
Ac2_rdkit_conf_4,16,0,0.0008
Ac2_rdkit_conf_4,16,1,0.0015
Ac2_rdkit_conf_4,16,2,0.9387
Ac2_rdkit_conf_4,16,3,0.0111
Ac2_rdkit_conf_4,16,4,0.0015
Ac2_rdkit_conf_4,16,5,0.0001
Ac2_rdkit_conf_4,16,6,0.0001
Ac2_rdkit_conf_4,16,7,0.0000
Ac2_rdkit_conf_4,16,8,0.0000
Ac2_rdkit_conf_4,16,9,0.0000
Ac2_rdkit_conf_4,16,10,0.0000
Ac2_rdkit_conf_4,16,11,0.0000
Ac2_rdkit_conf_4,16,12,0.0001
Ac2_rdkit_conf_4,16,13,0.0000
Ac2_rdkit_conf_4,16,14,0.0001
Ac2_rdkit_conf_4,16,15,0.0002
Ac2_rdkit_conf_4,17,0,0.0008
Ac2_rdkit_conf_4,17,1,0.0045
Ac2_rdkit_conf_4,17,2,0.9353
Ac2_rdkit_conf_4,17,3,0.0003
Ac2_rdkit_conf_4,17,4,0.0111
Ac2_rdkit_conf_4,17,5,0.0006
Ac2_rdkit_conf_4,17,6,0.0008
Ac2_rdkit_conf_4,17,7,0.0009
Ac2_rdkit_conf_4,17,8,0.0001
Ac2_rdkit_conf_4,17,9,0.0000
Ac2_rdkit_conf_4,17,10,0.0000
Ac2_rdkit_conf_4,17,11,0.0000
Ac2_rdkit_conf_4,17,12,0.0000
Ac2_rdkit_conf_4,17,13,0.0001
Ac2_rdkit_conf_4,17,14,0.0004
Ac2_rdkit_conf_4,17,15,0.0004
Ac2_rdkit_conf_4,17,16,0.0004
Ac2_rdkit_conf_4,18,0,0.0008
Ac2_rdkit_conf_4,18,1,0.0015
Ac2_rdkit_conf_4,18,2,0.0111
Ac2_rdkit_conf_4,18,3,0.9387
Ac2_rdkit_conf_4,18,4,0.0015
Ac2_rdkit_conf_4,18,5,0.0001
Ac2_rdkit_conf_4,18,6,0.0001
Ac2_rdkit_conf_4,18,7,0.0000
Ac2_rdkit_conf_4,18,8,0.0000
Ac2_rdkit_conf_4,18,9,0.0000
Ac2_rdkit_conf_4,18,10,0.0000
Ac2_rdkit_conf_4,18,11,0.0000
Ac2_rdkit_conf_4,18,12,0.0001
Ac2_rdkit_conf_4,18,13,0.0000
Ac2_rdkit_conf_4,18,14,0.0001
Ac2_rdkit_conf_4,18,15,0.0002
Ac2_rdkit_conf_4,18,16,0.0010
Ac2_rdkit_conf_4,18,17,0.0003
Ac2_rdkit_conf_4,19,0,0.0008
Ac2_rdkit_conf_4,19,1,0.0045
Ac2_rdkit_conf_4,19,2,0.0003
Ac2_rdkit_conf_4,19,3,0.9353
Ac2_rdkit_conf_4,19,4,0.0111
Ac2_rdkit_conf_4,19,5,0.0006
Ac2_rdkit_conf_4,19,6,0.0008
Ac2_rdkit_conf_4,19,7,0.0009
Ac2_rdkit_conf_4,19,8,0.0001
Ac2_rdkit_conf_4,19,9,0.0000
Ac2_rdkit_conf_4,19,10,0.0000
Ac2_rdkit_conf_4,19,11,0.0000
Ac2_rdkit_conf_4,19,12,0.0004
Ac2_rdkit_conf_4,19,13,0.0001
Ac2_rdkit_conf_4,19,14,0.0000
Ac2_rdkit_conf_4,19,15,0.0000
Ac2_rdkit_conf_4,19,16,0.0003
Ac2_rdkit_conf_4,19,17,0.0000
Ac2_rdkit_conf_4,19,18,0.0004
Ac2_rdkit_conf_4,20,0,0.0101
Ac2_rdkit_conf_4,20,1,0.0013
Ac2_rdkit_conf_4,20,2,0.0010
Ac2_rdkit_conf_4,20,3,0.9260
Ac2_rdkit_conf_4,20,4,0.0010
Ac2_rdkit_conf_4,20,5,0.0001
Ac2_rdkit_conf_4,20,6,0.0014
Ac2_rdkit_conf_4,20,7,0.0002
Ac2_rdkit_conf_4,20,8,0.0000
Ac2_rdkit_conf_4,20,9,0.0000
Ac2_rdkit_conf_4,20,10,0.0000
Ac2_rdkit_conf_4,20,11,0.0000
Ac2_rdkit_conf_4,20,12,0.0010
Ac2_rdkit_conf_4,20,13,0.0003
Ac2_rdkit_conf_4,20,14,0.0002
Ac2_rdkit_conf_4,20,15,0.0001
Ac2_rdkit_conf_4,20,16,0.0002
Ac2_rdkit_conf_4,20,17,0.0000
Ac2_rdkit_conf_4,20,18,0.0002
Ac2_rdkit_conf_4,20,19,0.0004
Ac2_rdkit_conf_4,21,0,0.0001
Ac2_rdkit_conf_4,21,1,0.0005
Ac2_rdkit_conf_4,21,2,0.0000
Ac2_rdkit_conf_4,21,3,0.0000
Ac2_rdkit_conf_4,21,4,0.0004
Ac2_rdkit_conf_4,21,5,0.0019
Ac2_rdkit_conf_4,21,6,0.0109
Ac2_rdkit_conf_4,21,7,0.7849
Ac2_rdkit_conf_4,21,8,0.0030
Ac2_rdkit_conf_4,21,9,0.0028
Ac2_rdkit_conf_4,21,10,0.0048
Ac2_rdkit_conf_4,21,11,0.0014
Ac2_rdkit_conf_4,21,12,0.0000
Ac2_rdkit_conf_4,21,13,0.0000
Ac2_rdkit_conf_4,21,14,0.0000
Ac2_rdkit_conf_4,21,15,0.0000
Ac2_rdkit_conf_4,21,16,0.0000
Ac2_rdkit_conf_4,21,17,0.0000
Ac2_rdkit_conf_4,21,18,0.0000
Ac2_rdkit_conf_4,21,19,0.0000
Ac2_rdkit_conf_4,21,20,0.0000
Ac2_rdkit_conf_4,22,0,0.0000
Ac2_rdkit_conf_4,22,1,0.0000
Ac2_rdkit_conf_4,22,2,0.0000
Ac2_rdkit_conf_4,22,3,0.0001
Ac2_rdkit_conf_4,22,4,0.0011
Ac2_rdkit_conf_4,22,5,0.0038
Ac2_rdkit_conf_4,22,6,0.0040
Ac2_rdkit_conf_4,22,7,0.0169
Ac2_rdkit_conf_4,22,8,0.8957
Ac2_rdkit_conf_4,22,9,0.0060
Ac2_rdkit_conf_4,22,10,0.0137
Ac2_rdkit_conf_4,22,11,0.0021
Ac2_rdkit_conf_4,22,12,0.0000
Ac2_rdkit_conf_4,22,13,0.0000
Ac2_rdkit_conf_4,22,14,0.0000
Ac2_rdkit_conf_4,22,15,0.0000
Ac2_rdkit_conf_4,22,16,0.0000
Ac2_rdkit_conf_4,22,17,0.0000
Ac2_rdkit_conf_4,22,18,0.0000
Ac2_rdkit_conf_4,22,19,0.0000
Ac2_rdkit_conf_4,22,20,0.0000
Ac2_rdkit_conf_4,22,21,0.0029
Ac2_rdkit_conf_4,23,0,0.0000
Ac2_rdkit_conf_4,23,1,0.0000
Ac2_rdkit_conf_4,23,2,0.0001
Ac2_rdkit_conf_4,23,3,0.0000
Ac2_rdkit_conf_4,23,4,0.0011
Ac2_rdkit_conf_4,23,5,0.0038
Ac2_rdkit_conf_4,23,6,0.0040
Ac2_rdkit_conf_4,23,7,0.0169
Ac2_rdkit_conf_4,23,8,0.8957
Ac2_rdkit_conf_4,23,9,0.0060
Ac2_rdkit_conf_4,23,10,0.0137
Ac2_rdkit_conf_4,23,11,0.0021
Ac2_rdkit_conf_4,23,12,0.0000
Ac2_rdkit_conf_4,23,13,0.0000
Ac2_rdkit_conf_4,23,14,0.0000
Ac2_rdkit_conf_4,23,15,0.0000
Ac2_rdkit_conf_4,23,16,0.0000
Ac2_rdkit_conf_4,23,17,0.0000
Ac2_rdkit_conf_4,23,18,0.0000
Ac2_rdkit_conf_4,23,19,0.0000
Ac2_rdkit_conf_4,23,20,0.0000
Ac2_rdkit_conf_4,23,21,0.0029
Ac2_rdkit_conf_4,23,22,0.0002
Ac2_rdkit_conf_4,24,0,0.0000
Ac2_rdkit_conf_4,24,1,0.0000
Ac2_rdkit_conf_4,24,2,0.0000
Ac2_rdkit_conf_4,24,3,0.0000
Ac2_rdkit_conf_4,24,4,0.0001
Ac2_rdkit_conf_4,24,5,0.0003
Ac2_rdkit_conf_4,24,6,0.0000
Ac2_rdkit_conf_4,24,7,0.0007
Ac2_rdkit_conf_4,24,8,0.0143
Ac2_rdkit_conf_4,24,9,0.0018
Ac2_rdkit_conf_4,24,10,0.0045
Ac2_rdkit_conf_4,24,11,0.7328
Ac2_rdkit_conf_4,24,12,0.0000
Ac2_rdkit_conf_4,24,13,0.0000
Ac2_rdkit_conf_4,24,14,0.0000
Ac2_rdkit_conf_4,24,15,0.0000
Ac2_rdkit_conf_4,24,16,0.0000
Ac2_rdkit_conf_4,24,17,0.0000
Ac2_rdkit_conf_4,24,18,0.0000
Ac2_rdkit_conf_4,24,19,0.0000
Ac2_rdkit_conf_4,24,20,0.0000
Ac2_rdkit_conf_4,24,21,0.0000
Ac2_rdkit_conf_4,24,22,0.0001
Ac2_rdkit_conf_4,24,23,0.0001
Ac4_rdkit_conf_3,1,0,0.9177
Ac4_rdkit_conf_3,2,0,0.0100
Ac4_rdkit_conf_3,2,1,0.9934
Ac4_rdkit_conf_3,3,0,0.0080
Ac4_rdkit_conf_3,3,1,0.0416
Ac4_rdkit_conf_3,3,2,1.3882
Ac4_rdkit_conf_3,4,0,0.0008
Ac4_rdkit_conf_3,4,1,0.0090
Ac4_rdkit_conf_3,4,2,0.0114
Ac4_rdkit_conf_3,4,3,1.4537
Ac4_rdkit_conf_3,5,0,0.0031
Ac4_rdkit_conf_3,5,1,0.0090
Ac4_rdkit_conf_3,5,2,0.1007
Ac4_rdkit_conf_3,5,3,0.0089
Ac4_rdkit_conf_3,5,4,1.4177
Ac4_rdkit_conf_3,6,0,0.0006
Ac4_rdkit_conf_3,6,1,0.0078
Ac4_rdkit_conf_3,6,2,0.0133
Ac4_rdkit_conf_3,6,3,0.1094
Ac4_rdkit_conf_3,6,4,0.0104
Ac4_rdkit_conf_3,6,5,1.4649
Ac4_rdkit_conf_3,7,0,0.0099
Ac4_rdkit_conf_3,7,1,0.0415
Ac4_rdkit_conf_3,7,2,1.3551
Ac4_rdkit_conf_3,7,3,0.0088
Ac4_rdkit_conf_3,7,4,0.1018
Ac4_rdkit_conf_3,7,5,0.0089
Ac4_rdkit_conf_3,7,6,1.3816
Ac4_rdkit_conf_3,8,0,0.0006
Ac4_rdkit_conf_3,8,1,0.0028
Ac4_rdkit_conf_3,8,2,0.0092
Ac4_rdkit_conf_3,8,3,0.0079
Ac4_rdkit_conf_3,8,4,0.0057
Ac4_rdkit_conf_3,8,5,0.0088
Ac4_rdkit_conf_3,8,6,0.0130
Ac4_rdkit_conf_3,8,7,0.9894
Ac4_rdkit_conf_3,9,0,0.0009
Ac4_rdkit_conf_3,9,1,0.0016
Ac4_rdkit_conf_3,9,2,0.0231
Ac4_rdkit_conf_3,9,3,0.0016
Ac4_rdkit_conf_3,9,4,0.0104
Ac4_rdkit_conf_3,9,5,0.0014
Ac4_rdkit_conf_3,9,6,0.0171
Ac4_rdkit_conf_3,9,7,0.0556
Ac4_rdkit_conf_3,9,8,1.7462
Ac4_rdkit_conf_3,10,0,0.0014
Ac4_rdkit_conf_3,10,1,0.0025
Ac4_rdkit_conf_3,10,2,0.0052
Ac4_rdkit_conf_3,10,3,0.0005
Ac4_rdkit_conf_3,10,4,0.0027
Ac4_rdkit_conf_3,10,5,0.0006
Ac4_rdkit_conf_3,10,6,0.0105
Ac4_rdkit_conf_3,10,7,0.0145
Ac4_rdkit_conf_3,10,8,1.0509
Ac4_rdkit_conf_3,10,9,0.1502
Ac4_rdkit_conf_3,11,0,0.9463
Ac4_rdkit_conf_3,11,1,0.0244
Ac4_rdkit_conf_3,11,2,0.0004
Ac4_rdkit_conf_3,11,3,0.0016
Ac4_rdkit_conf_3,11,4,0.0002
Ac4_rdkit_conf_3,11,5,0.0000
Ac4_rdkit_conf_3,11,6,0.0001
Ac4_rdkit_conf_3,11,7,0.0002
Ac4_rdkit_conf_3,11,8,0.0001
Ac4_rdkit_conf_3,11,9,0.0001
Ac4_rdkit_conf_3,11,10,0.0003
Ac4_rdkit_conf_3,12,0,0.9432
Ac4_rdkit_conf_3,12,1,0.0091
Ac4_rdkit_conf_3,12,2,0.0085
Ac4_rdkit_conf_3,12,3,0.0006
Ac4_rdkit_conf_3,12,4,0.0001
Ac4_rdkit_conf_3,12,5,0.0004
Ac4_rdkit_conf_3,12,6,0.0002
Ac4_rdkit_conf_3,12,7,0.0005
Ac4_rdkit_conf_3,12,8,0.0001
Ac4_rdkit_conf_3,12,9,0.0001
Ac4_rdkit_conf_3,12,10,0.0000
Ac4_rdkit_conf_3,12,11,0.0001
Ac4_rdkit_conf_3,13,0,0.9403
Ac4_rdkit_conf_3,13,1,0.0251
Ac4_rdkit_conf_3,13,2,0.0004
Ac4_rdkit_conf_3,13,3,0.0002
Ac4_rdkit_conf_3,13,4,0.0002
Ac4_rdkit_conf_3,13,5,0.0001
Ac4_rdkit_conf_3,13,6,0.0001
Ac4_rdkit_conf_3,13,7,0.0015
Ac4_rdkit_conf_3,13,8,0.0000
Ac4_rdkit_conf_3,13,9,0.0002
Ac4_rdkit_conf_3,13,10,0.0007
Ac4_rdkit_conf_3,13,11,0.0004
Ac4_rdkit_conf_3,13,12,0.0001
Ac4_rdkit_conf_3,14,0,0.0004
Ac4_rdkit_conf_3,14,1,0.0028
Ac4_rdkit_conf_3,14,2,0.0019
Ac4_rdkit_conf_3,14,3,0.9182
Ac4_rdkit_conf_3,14,4,0.0035
Ac4_rdkit_conf_3,14,5,0.0094
Ac4_rdkit_conf_3,14,6,0.0010
Ac4_rdkit_conf_3,14,7,0.0087
Ac4_rdkit_conf_3,14,8,0.0004
Ac4_rdkit_conf_3,14,9,0.0005
Ac4_rdkit_conf_3,14,10,0.0000
Ac4_rdkit_conf_3,14,11,0.0002
Ac4_rdkit_conf_3,14,12,0.0001
Ac4_rdkit_conf_3,14,13,0.0000
Ac4_rdkit_conf_3,15,0,0.0001
Ac4_rdkit_conf_3,15,1,0.0009
Ac4_rdkit_conf_3,15,2,0.0085
Ac4_rdkit_conf_3,15,3,0.0027
Ac4_rdkit_conf_3,15,4,0.9228
Ac4_rdkit_conf_3,15,5,0.0026
Ac4_rdkit_conf_3,15,6,0.0090
Ac4_rdkit_conf_3,15,7,0.0006
Ac4_rdkit_conf_3,15,8,0.0004
Ac4_rdkit_conf_3,15,9,0.0000
Ac4_rdkit_conf_3,15,10,0.0000
Ac4_rdkit_conf_3,15,11,0.0000
Ac4_rdkit_conf_3,15,12,0.0000
Ac4_rdkit_conf_3,15,13,0.0000
Ac4_rdkit_conf_3,15,14,0.0030
Ac4_rdkit_conf_3,16,0,0.0000
Ac4_rdkit_conf_3,16,1,0.0004
Ac4_rdkit_conf_3,16,2,0.0008
Ac4_rdkit_conf_3,16,3,0.0090
Ac4_rdkit_conf_3,16,4,0.0026
Ac4_rdkit_conf_3,16,5,0.9208
Ac4_rdkit_conf_3,16,6,0.0029
Ac4_rdkit_conf_3,16,7,0.0093
Ac4_rdkit_conf_3,16,8,0.0002
Ac4_rdkit_conf_3,16,9,0.0001
Ac4_rdkit_conf_3,16,10,0.0003
Ac4_rdkit_conf_3,16,11,0.0000
Ac4_rdkit_conf_3,16,12,0.0000
Ac4_rdkit_conf_3,16,13,0.0000
Ac4_rdkit_conf_3,16,14,0.0003
Ac4_rdkit_conf_3,16,15,0.0028
Ac4_rdkit_conf_3,17,0,0.0002
Ac4_rdkit_conf_3,17,1,0.0009
Ac4_rdkit_conf_3,17,2,0.0082
Ac4_rdkit_conf_3,17,3,0.0007
Ac4_rdkit_conf_3,17,4,0.0092
Ac4_rdkit_conf_3,17,5,0.0029
Ac4_rdkit_conf_3,17,6,0.9109
Ac4_rdkit_conf_3,17,7,0.0022
Ac4_rdkit_conf_3,17,8,0.0026
Ac4_rdkit_conf_3,17,9,0.0014
Ac4_rdkit_conf_3,17,10,0.0009
Ac4_rdkit_conf_3,17,11,0.0000
Ac4_rdkit_conf_3,17,12,0.0000
Ac4_rdkit_conf_3,17,13,0.0001
Ac4_rdkit_conf_3,17,14,0.0004
Ac4_rdkit_conf_3,17,15,0.0003
Ac4_rdkit_conf_3,17,16,0.0029
Ac4_rdkit_conf_3,18,0,0.0001
Ac4_rdkit_conf_3,18,1,0.0009
Ac4_rdkit_conf_3,18,2,0.0003
Ac4_rdkit_conf_3,18,3,0.0003
Ac4_rdkit_conf_3,18,4,0.0001
Ac4_rdkit_conf_3,18,5,0.0004
Ac4_rdkit_conf_3,18,6,0.0003
Ac4_rdkit_conf_3,18,7,0.0142
Ac4_rdkit_conf_3,18,8,0.0015
Ac4_rdkit_conf_3,18,9,0.0052
Ac4_rdkit_conf_3,18,10,0.7323
Ac4_rdkit_conf_3,18,11,0.0000
Ac4_rdkit_conf_3,18,12,0.0000
Ac4_rdkit_conf_3,18,13,0.0000
Ac4_rdkit_conf_3,18,14,0.0000
Ac4_rdkit_conf_3,18,15,0.0000
Ac4_rdkit_conf_3,18,16,0.0001
Ac4_rdkit_conf_3,18,17,0.0001
Ac5_rdkit_conf_2,1,0,0.9877
Ac5_rdkit_conf_2,2,0,0.0077
Ac5_rdkit_conf_2,2,1,0.9903
Ac5_rdkit_conf_2,3,0,0.0085
Ac5_rdkit_conf_2,3,1,0.9265
Ac5_rdkit_conf_2,3,2,0.0137
Ac5_rdkit_conf_2,4,0,0.0116
Ac5_rdkit_conf_2,4,1,0.0526
Ac5_rdkit_conf_2,4,2,0.0136
Ac5_rdkit_conf_2,4,3,1.7871
Ac5_rdkit_conf_2,5,0,0.0025
Ac5_rdkit_conf_2,5,1,0.0155
Ac5_rdkit_conf_2,5,2,0.0033
Ac5_rdkit_conf_2,5,3,1.0340
Ac5_rdkit_conf_2,5,4,0.1506
Ac5_rdkit_conf_2,6,0,0.0087
Ac5_rdkit_conf_2,6,1,0.9847
Ac5_rdkit_conf_2,6,2,0.0064
Ac5_rdkit_conf_2,6,3,0.0065
Ac5_rdkit_conf_2,6,4,0.0039
Ac5_rdkit_conf_2,6,5,0.0069
Ac5_rdkit_conf_2,7,0,0.0106
Ac5_rdkit_conf_2,7,1,0.0060
Ac5_rdkit_conf_2,7,2,0.0021
Ac5_rdkit_conf_2,7,3,0.0100
Ac5_rdkit_conf_2,7,4,0.0016
Ac5_rdkit_conf_2,7,5,0.0004
Ac5_rdkit_conf_2,7,6,1.4324
Ac5_rdkit_conf_2,8,0,0.0004
Ac5_rdkit_conf_2,8,1,0.0091
Ac5_rdkit_conf_2,8,2,0.0008
Ac5_rdkit_conf_2,8,3,0.0002
Ac5_rdkit_conf_2,8,4,0.0004
Ac5_rdkit_conf_2,8,5,0.0002
Ac5_rdkit_conf_2,8,6,0.0101
Ac5_rdkit_conf_2,8,7,1.4202
Ac5_rdkit_conf_2,9,0,0.0034
Ac5_rdkit_conf_2,9,1,0.0013
Ac5_rdkit_conf_2,9,2,0.0003
Ac5_rdkit_conf_2,9,3,0.0027
Ac5_rdkit_conf_2,9,4,0.0003
Ac5_rdkit_conf_2,9,5,0.0002
Ac5_rdkit_conf_2,9,6,0.1096
Ac5_rdkit_conf_2,9,7,0.0088
Ac5_rdkit_conf_2,9,8,1.4593
Ac5_rdkit_conf_2,10,0,0.0007
Ac5_rdkit_conf_2,10,1,0.0090
Ac5_rdkit_conf_2,10,2,0.0005
Ac5_rdkit_conf_2,10,3,0.0006
Ac5_rdkit_conf_2,10,4,0.0011
Ac5_rdkit_conf_2,10,5,0.0003
Ac5_rdkit_conf_2,10,6,0.0100
Ac5_rdkit_conf_2,10,7,0.1116
Ac5_rdkit_conf_2,10,8,0.0087
Ac5_rdkit_conf_2,10,9,1.4209
Ac5_rdkit_conf_2,11,0,0.0064
Ac5_rdkit_conf_2,11,1,0.0061
Ac5_rdkit_conf_2,11,2,0.0080
Ac5_rdkit_conf_2,11,3,0.0051
Ac5_rdkit_conf_2,11,4,0.0016
Ac5_rdkit_conf_2,11,5,0.0012
Ac5_rdkit_conf_2,11,6,1.3931
Ac5_rdkit_conf_2,11,7,0.0103
Ac5_rdkit_conf_2,11,8,0.1157
Ac5_rdkit_conf_2,11,9,0.0086
Ac5_rdkit_conf_2,11,10,1.4614
Ac5_rdkit_conf_2,12,0,0.9382
Ac5_rdkit_conf_2,12,1,0.0010
Ac5_rdkit_conf_2,12,2,0.0101
Ac5_rdkit_conf_2,12,3,0.0010
Ac5_rdkit_conf_2,12,4,0.0003
Ac5_rdkit_conf_2,12,5,0.0002
Ac5_rdkit_conf_2,12,6,0.0008
Ac5_rdkit_conf_2,12,7,0.0006
Ac5_rdkit_conf_2,12,8,0.0001
Ac5_rdkit_conf_2,12,9,0.0000
Ac5_rdkit_conf_2,12,10,0.0002
Ac5_rdkit_conf_2,12,11,0.0004
Ac5_rdkit_conf_2,13,0,0.9331
Ac5_rdkit_conf_2,13,1,0.0011
Ac5_rdkit_conf_2,13,2,0.0010
Ac5_rdkit_conf_2,13,3,0.0010
Ac5_rdkit_conf_2,13,4,0.0002
Ac5_rdkit_conf_2,13,5,0.0003
Ac5_rdkit_conf_2,13,6,0.0097
Ac5_rdkit_conf_2,13,7,0.0012
Ac5_rdkit_conf_2,13,8,0.0003
Ac5_rdkit_conf_2,13,9,0.0010
Ac5_rdkit_conf_2,13,10,0.0001
Ac5_rdkit_conf_2,13,11,0.0015
Ac5_rdkit_conf_2,13,12,0.0002
Ac5_rdkit_conf_2,14,0,0.9355
Ac5_rdkit_conf_2,14,1,0.0014
Ac5_rdkit_conf_2,14,2,0.0009
Ac5_rdkit_conf_2,14,3,0.0106
Ac5_rdkit_conf_2,14,4,0.0018
Ac5_rdkit_conf_2,14,5,0.0018
Ac5_rdkit_conf_2,14,6,0.0008
Ac5_rdkit_conf_2,14,7,0.0003
Ac5_rdkit_conf_2,14,8,0.0000
Ac5_rdkit_conf_2,14,9,0.0001
Ac5_rdkit_conf_2,14,10,0.0000
Ac5_rdkit_conf_2,14,11,0.0004
Ac5_rdkit_conf_2,14,12,0.0003
Ac5_rdkit_conf_2,14,13,0.0002
Ac5_rdkit_conf_2,15,0,0.0013
Ac5_rdkit_conf_2,15,1,0.0016
Ac5_rdkit_conf_2,15,2,0.9338
Ac5_rdkit_conf_2,15,3,0.0111
Ac5_rdkit_conf_2,15,4,0.0028
Ac5_rdkit_conf_2,15,5,0.0010
Ac5_rdkit_conf_2,15,6,0.0008
Ac5_rdkit_conf_2,15,7,0.0007
Ac5_rdkit_conf_2,15,8,0.0001
Ac5_rdkit_conf_2,15,9,0.0001
Ac5_rdkit_conf_2,15,10,0.0000
Ac5_rdkit_conf_2,15,11,0.0004
Ac5_rdkit_conf_2,15,12,0.0004
Ac5_rdkit_conf_2,15,13,0.0000
Ac5_rdkit_conf_2,15,14,0.0002
Ac5_rdkit_conf_2,16,0,0.0105
Ac5_rdkit_conf_2,16,1,0.0009
Ac5_rdkit_conf_2,16,2,0.9354
Ac5_rdkit_conf_2,16,3,0.0007
Ac5_rdkit_conf_2,16,4,0.0003
Ac5_rdkit_conf_2,16,5,0.0002
Ac5_rdkit_conf_2,16,6,0.0008
Ac5_rdkit_conf_2,16,7,0.0005
Ac5_rdkit_conf_2,16,8,0.0001
Ac5_rdkit_conf_2,16,9,0.0000
Ac5_rdkit_conf_2,16,10,0.0001
Ac5_rdkit_conf_2,16,11,0.0004
Ac5_rdkit_conf_2,16,12,0.0011
Ac5_rdkit_conf_2,16,13,0.0004
Ac5_rdkit_conf_2,16,14,0.0002
Ac5_rdkit_conf_2,16,15,0.0002
Ac5_rdkit_conf_2,17,0,0.0007
Ac5_rdkit_conf_2,17,1,0.0010
Ac5_rdkit_conf_2,17,2,0.9334
Ac5_rdkit_conf_2,17,3,0.0016
Ac5_rdkit_conf_2,17,4,0.0006
Ac5_rdkit_conf_2,17,5,0.0003
Ac5_rdkit_conf_2,17,6,0.0096
Ac5_rdkit_conf_2,17,7,0.0013
Ac5_rdkit_conf_2,17,8,0.0000
Ac5_rdkit_conf_2,17,9,0.0002
Ac5_rdkit_conf_2,17,10,0.0003
Ac5_rdkit_conf_2,17,11,0.0001
Ac5_rdkit_conf_2,17,12,0.0002
Ac5_rdkit_conf_2,17,13,0.0001
Ac5_rdkit_conf_2,17,14,0.0000
Ac5_rdkit_conf_2,17,15,0.0003
Ac5_rdkit_conf_2,17,16,0.0002
Ac5_rdkit_conf_2,18,0,0.0005
Ac5_rdkit_conf_2,18,1,0.0153
Ac5_rdkit_conf_2,18,2,0.0002
Ac5_rdkit_conf_2,18,3,0.0020
Ac5_rdkit_conf_2,18,4,0.0046
Ac5_rdkit_conf_2,18,5,0.7324
Ac5_rdkit_conf_2,18,6,0.0004
Ac5_rdkit_conf_2,18,7,0.0005
Ac5_rdkit_conf_2,18,8,0.0000
Ac5_rdkit_conf_2,18,9,0.0001
Ac5_rdkit_conf_2,18,10,0.0000
Ac5_rdkit_conf_2,18,11,0.0002
Ac5_rdkit_conf_2,18,12,0.0000
Ac5_rdkit_conf_2,18,13,0.0001
Ac5_rdkit_conf_2,18,14,0.0001
Ac5_rdkit_conf_2,18,15,0.0003
Ac5_rdkit_conf_2,18,16,0.0000
Ac5_rdkit_conf_2,18,17,0.0000
Ac5_rdkit_conf_2,19,0,0.0003
Ac5_rdkit_conf_2,19,1,0.0026
Ac5_rdkit_conf_2,19,2,0.0012
Ac5_rdkit_conf_2,19,3,0.0003
Ac5_rdkit_conf_2,19,4,0.0000
Ac5_rdkit_conf_2,19,5,0.0001
Ac5_rdkit_conf_2,19,6,0.0031
Ac5_rdkit_conf_2,19,7,0.9202
Ac5_rdkit_conf_2,19,8,0.0026
Ac5_rdkit_conf_2,19,9,0.0089
Ac5_rdkit_conf_2,19,10,0.0007
Ac5_rdkit_conf_2,19,11,0.0116
Ac5_rdkit_conf_2,19,12,0.0000
Ac5_rdkit_conf_2,19,13,0.0000
Ac5_rdkit_conf_2,19,14,0.0000
Ac5_rdkit_conf_2,19,15,0.0002
Ac5_rdkit_conf_2,19,16,0.0000
Ac5_rdkit_conf_2,19,17,0.0002
Ac5_rdkit_conf_2,19,18,0.0000
Ac5_rdkit_conf_2,20,0,0.0001
Ac5_rdkit_conf_2,20,1,0.0003
Ac5_rdkit_conf_2,20,2,0.0001
Ac5_rdkit_conf_2,20,3,0.0002
Ac5_rdkit_conf_2,20,4,0.0000
Ac5_rdkit_conf_2,20,5,0.0000
Ac5_rdkit_conf_2,20,6,0.0090
Ac5_rdkit_conf_2,20,7,0.0026
Ac5_rdkit_conf_2,20,8,0.9240
Ac5_rdkit_conf_2,20,9,0.0027
Ac5_rdkit_conf_2,20,10,0.0093
Ac5_rdkit_conf_2,20,11,0.0007
Ac5_rdkit_conf_2,20,12,0.0000
Ac5_rdkit_conf_2,20,13,0.0000
Ac5_rdkit_conf_2,20,14,0.0000
Ac5_rdkit_conf_2,20,15,0.0000
Ac5_rdkit_conf_2,20,16,0.0000
Ac5_rdkit_conf_2,20,17,0.0000
Ac5_rdkit_conf_2,20,18,0.0000
Ac5_rdkit_conf_2,20,19,0.0029
Ac5_rdkit_conf_2,21,0,0.0000
Ac5_rdkit_conf_2,21,1,0.0006
Ac5_rdkit_conf_2,21,2,0.0000
Ac5_rdkit_conf_2,21,3,0.0000
Ac5_rdkit_conf_2,21,4,0.0000
Ac5_rdkit_conf_2,21,5,0.0000
Ac5_rdkit_conf_2,21,6,0.0007
Ac5_rdkit_conf_2,21,7,0.0094
Ac5_rdkit_conf_2,21,8,0.0027
Ac5_rdkit_conf_2,21,9,0.9238
Ac5_rdkit_conf_2,21,10,0.0025
Ac5_rdkit_conf_2,21,11,0.0091
Ac5_rdkit_conf_2,21,12,0.0000
Ac5_rdkit_conf_2,21,13,0.0000
Ac5_rdkit_conf_2,21,14,0.0000
Ac5_rdkit_conf_2,21,15,0.0000
Ac5_rdkit_conf_2,21,16,0.0000
Ac5_rdkit_conf_2,21,17,0.0000
Ac5_rdkit_conf_2,21,18,0.0000
Ac5_rdkit_conf_2,21,19,0.0003
Ac5_rdkit_conf_2,21,20,0.0029
Ac5_rdkit_conf_2,22,0,0.0000
Ac5_rdkit_conf_2,22,1,0.0003
Ac5_rdkit_conf_2,22,2,0.0003
Ac5_rdkit_conf_2,22,3,0.0000
Ac5_rdkit_conf_2,22,4,0.0000
Ac5_rdkit_conf_2,22,5,0.0000
Ac5_rdkit_conf_2,22,6,0.0094
Ac5_rdkit_conf_2,22,7,0.0006
Ac5_rdkit_conf_2,22,8,0.0090
Ac5_rdkit_conf_2,22,9,0.0026
Ac5_rdkit_conf_2,22,10,0.9232
Ac5_rdkit_conf_2,22,11,0.0028
Ac5_rdkit_conf_2,22,12,0.0000
Ac5_rdkit_conf_2,22,13,0.0000
Ac5_rdkit_conf_2,22,14,0.0000
Ac5_rdkit_conf_2,22,15,0.0000
Ac5_rdkit_conf_2,22,16,0.0000
Ac5_rdkit_conf_2,22,17,0.0000
Ac5_rdkit_conf_2,22,18,0.0000
Ac5_rdkit_conf_2,22,19,0.0006
Ac5_rdkit_conf_2,22,20,0.0003
Ac5_rdkit_conf_2,22,21,0.0029
Ac5_rdkit_conf_2,23,0,0.0003
Ac5_rdkit_conf_2,23,1,0.0023
Ac5_rdkit_conf_2,23,2,0.0008
Ac5_rdkit_conf_2,23,3,0.0004
Ac5_rdkit_conf_2,23,4,0.0001
Ac5_rdkit_conf_2,23,5,0.0000
Ac5_rdkit_conf_2,23,6,0.0028
Ac5_rdkit_conf_2,23,7,0.0117
Ac5_rdkit_conf_2,23,8,0.0008
Ac5_rdkit_conf_2,23,9,0.0094
Ac5_rdkit_conf_2,23,10,0.0028
Ac5_rdkit_conf_2,23,11,0.9210
Ac5_rdkit_conf_2,23,12,0.0002
Ac5_rdkit_conf_2,23,13,0.0000
Ac5_rdkit_conf_2,23,14,0.0001
Ac5_rdkit_conf_2,23,15,0.0000
Ac5_rdkit_conf_2,23,16,0.0000
Ac5_rdkit_conf_2,23,17,0.0001
Ac5_rdkit_conf_2,23,18,0.0000
Ac5_rdkit_conf_2,23,19,0.0004
Ac5_rdkit_conf_2,23,20,0.0006
Ac5_rdkit_conf_2,23,21,0.0003
Ac5_rdkit_conf_2,23,22,0.0031
Ac7_rdkit_conf_2,1,0,1.7752
Ac7_rdkit_conf_2,2,0,0.1497
Ac7_rdkit_conf_2,2,1,1.0392
Ac7_rdkit_conf_2,3,0,0.0511
Ac7_rdkit_conf_2,3,1,0.9616
Ac7_rdkit_conf_2,3,2,0.0150
Ac7_rdkit_conf_2,4,0,0.0047
Ac7_rdkit_conf_2,4,1,0.0054
Ac7_rdkit_conf_2,4,2,0.0071
Ac7_rdkit_conf_2,4,3,1.0033
Ac7_rdkit_conf_2,5,0,0.0015
Ac7_rdkit_conf_2,5,1,0.0082
Ac7_rdkit_conf_2,5,2,0.0003
Ac7_rdkit_conf_2,5,3,0.0045
Ac7_rdkit_conf_2,5,4,1.0177
Ac7_rdkit_conf_2,6,0,0.0001
Ac7_rdkit_conf_2,6,1,0.0002
Ac7_rdkit_conf_2,6,2,0.0001
Ac7_rdkit_conf_2,6,3,0.0023
Ac7_rdkit_conf_2,6,4,0.0050
Ac7_rdkit_conf_2,6,5,1.0173
Ac7_rdkit_conf_2,7,0,0.0022
Ac7_rdkit_conf_2,7,1,0.0085
Ac7_rdkit_conf_2,7,2,0.0012
Ac7_rdkit_conf_2,7,3,0.0045
Ac7_rdkit_conf_2,7,4,0.0022
Ac7_rdkit_conf_2,7,5,0.0049
Ac7_rdkit_conf_2,7,6,1.0176
Ac7_rdkit_conf_2,8,0,0.0136
Ac7_rdkit_conf_2,8,1,0.0116
Ac7_rdkit_conf_2,8,2,0.0032
Ac7_rdkit_conf_2,8,3,0.9871
Ac7_rdkit_conf_2,8,4,0.0061
Ac7_rdkit_conf_2,8,5,0.0022
Ac7_rdkit_conf_2,8,6,0.0049
Ac7_rdkit_conf_2,8,7,1.0168
Ac7_rdkit_conf_2,9,0,0.0048
Ac7_rdkit_conf_2,9,1,0.0019
Ac7_rdkit_conf_2,9,2,0.7366
Ac7_rdkit_conf_2,9,3,0.0151
Ac7_rdkit_conf_2,9,4,0.0007
Ac7_rdkit_conf_2,9,5,0.0004
Ac7_rdkit_conf_2,9,6,0.0000
Ac7_rdkit_conf_2,9,7,0.0002
Ac7_rdkit_conf_2,9,8,0.0002
Ac7_rdkit_conf_2,10,0,0.0122
Ac7_rdkit_conf_2,10,1,0.0041
Ac7_rdkit_conf_2,10,2,0.0012
Ac7_rdkit_conf_2,10,3,0.8970
Ac7_rdkit_conf_2,10,4,0.0029
Ac7_rdkit_conf_2,10,5,0.0009
Ac7_rdkit_conf_2,10,6,0.0001
Ac7_rdkit_conf_2,10,7,0.0012
Ac7_rdkit_conf_2,10,8,0.0031
Ac7_rdkit_conf_2,10,9,0.0002
Ac7_rdkit_conf_2,11,0,0.0002
Ac7_rdkit_conf_2,11,1,0.0014
Ac7_rdkit_conf_2,11,2,0.0002
Ac7_rdkit_conf_2,11,3,0.0008
Ac7_rdkit_conf_2,11,4,0.9244
Ac7_rdkit_conf_2,11,5,0.0011
Ac7_rdkit_conf_2,11,6,0.0098
Ac7_rdkit_conf_2,11,7,0.0002
Ac7_rdkit_conf_2,11,8,0.0098
Ac7_rdkit_conf_2,11,9,0.0000
Ac7_rdkit_conf_2,11,10,0.0011
Ac7_rdkit_conf_2,12,0,0.0005
Ac7_rdkit_conf_2,12,1,0.0015
Ac7_rdkit_conf_2,12,2,0.0004
Ac7_rdkit_conf_2,12,3,0.0017
Ac7_rdkit_conf_2,12,4,0.9192
Ac7_rdkit_conf_2,12,5,0.0020
Ac7_rdkit_conf_2,12,6,0.0009
Ac7_rdkit_conf_2,12,7,0.0001
Ac7_rdkit_conf_2,12,8,0.0008
Ac7_rdkit_conf_2,12,9,0.0000
Ac7_rdkit_conf_2,12,10,0.0134
Ac7_rdkit_conf_2,12,11,0.0002
Ac7_rdkit_conf_2,13,0,0.0001
Ac7_rdkit_conf_2,13,1,0.0002
Ac7_rdkit_conf_2,13,2,0.0000
Ac7_rdkit_conf_2,13,3,0.0010
Ac7_rdkit_conf_2,13,4,0.0021
Ac7_rdkit_conf_2,13,5,0.9273
Ac7_rdkit_conf_2,13,6,0.0020
Ac7_rdkit_conf_2,13,7,0.0009
Ac7_rdkit_conf_2,13,8,0.0001
Ac7_rdkit_conf_2,13,9,0.0000
Ac7_rdkit_conf_2,13,10,0.0005
Ac7_rdkit_conf_2,13,11,0.0013
Ac7_rdkit_conf_2,13,12,0.0137
Ac7_rdkit_conf_2,14,0,0.0001
Ac7_rdkit_conf_2,14,1,0.0005
Ac7_rdkit_conf_2,14,2,0.0003
Ac7_rdkit_conf_2,14,3,0.0093
Ac7_rdkit_conf_2,14,4,0.0011
Ac7_rdkit_conf_2,14,5,0.9268
Ac7_rdkit_conf_2,14,6,0.0011
Ac7_rdkit_conf_2,14,7,0.0098
Ac7_rdkit_conf_2,14,8,0.0002
Ac7_rdkit_conf_2,14,9,0.0001
Ac7_rdkit_conf_2,14,10,0.0001
Ac7_rdkit_conf_2,14,11,0.0015
Ac7_rdkit_conf_2,14,12,0.0014
Ac7_rdkit_conf_2,14,13,0.0002
Ac7_rdkit_conf_2,15,0,0.0000
Ac7_rdkit_conf_2,15,1,0.0004
Ac7_rdkit_conf_2,15,2,0.0000
Ac7_rdkit_conf_2,15,3,0.0002
Ac7_rdkit_conf_2,15,4,0.0099
Ac7_rdkit_conf_2,15,5,0.0011
Ac7_rdkit_conf_2,15,6,0.9280
Ac7_rdkit_conf_2,15,7,0.0011
Ac7_rdkit_conf_2,15,8,0.0099
Ac7_rdkit_conf_2,15,9,0.0000
Ac7_rdkit_conf_2,15,10,0.0000
Ac7_rdkit_conf_2,15,11,0.0005
Ac7_rdkit_conf_2,15,12,0.0002
Ac7_rdkit_conf_2,15,13,0.0014
Ac7_rdkit_conf_2,15,14,0.0014
Ac7_rdkit_conf_2,16,0,0.0000
Ac7_rdkit_conf_2,16,1,0.0000
Ac7_rdkit_conf_2,16,2,0.0000
Ac7_rdkit_conf_2,16,3,0.0001
Ac7_rdkit_conf_2,16,4,0.0009
Ac7_rdkit_conf_2,16,5,0.0020
Ac7_rdkit_conf_2,16,6,0.9266
Ac7_rdkit_conf_2,16,7,0.0019
Ac7_rdkit_conf_2,16,8,0.0009
Ac7_rdkit_conf_2,16,9,0.0000
Ac7_rdkit_conf_2,16,10,0.0002
Ac7_rdkit_conf_2,16,11,0.0001
Ac7_rdkit_conf_2,16,12,0.0004
Ac7_rdkit_conf_2,16,13,0.0139
Ac7_rdkit_conf_2,16,14,0.0014
Ac7_rdkit_conf_2,16,15,0.0002
Ac7_rdkit_conf_2,17,0,0.0001
Ac7_rdkit_conf_2,17,1,0.0002
Ac7_rdkit_conf_2,17,2,0.0000
Ac7_rdkit_conf_2,17,3,0.0010
Ac7_rdkit_conf_2,17,4,0.0001
Ac7_rdkit_conf_2,17,5,0.0009
Ac7_rdkit_conf_2,17,6,0.0021
Ac7_rdkit_conf_2,17,7,0.9265
Ac7_rdkit_conf_2,17,8,0.0019
Ac7_rdkit_conf_2,17,9,0.0000
Ac7_rdkit_conf_2,17,10,0.0005
Ac7_rdkit_conf_2,17,11,0.0000
Ac7_rdkit_conf_2,17,12,0.0002
Ac7_rdkit_conf_2,17,13,0.0005
Ac7_rdkit_conf_2,17,14,0.0001
Ac7_rdkit_conf_2,17,15,0.0014
Ac7_rdkit_conf_2,17,16,0.0138
Ac7_rdkit_conf_2,18,0,0.0007
Ac7_rdkit_conf_2,18,1,0.0007
Ac7_rdkit_conf_2,18,2,0.0001
Ac7_rdkit_conf_2,18,3,0.0096
Ac7_rdkit_conf_2,18,4,0.0002
Ac7_rdkit_conf_2,18,5,0.0098
Ac7_rdkit_conf_2,18,6,0.0011
Ac7_rdkit_conf_2,18,7,0.9261
Ac7_rdkit_conf_2,18,8,0.0011
Ac7_rdkit_conf_2,18,9,0.0000
Ac7_rdkit_conf_2,18,10,0.0002
Ac7_rdkit_conf_2,18,11,0.0004
Ac7_rdkit_conf_2,18,12,0.0000
Ac7_rdkit_conf_2,18,13,0.0001
Ac7_rdkit_conf_2,18,14,0.0005
Ac7_rdkit_conf_2,18,15,0.0014
Ac7_rdkit_conf_2,18,16,0.0014
Ac7_rdkit_conf_2,18,17,0.0002
Ac7_rdkit_conf_2,19,0,0.0005
Ac7_rdkit_conf_2,19,1,0.0011
Ac7_rdkit_conf_2,19,2,0.0002
Ac7_rdkit_conf_2,19,3,0.0019
Ac7_rdkit_conf_2,19,4,0.0007
Ac7_rdkit_conf_2,19,5,0.0001
Ac7_rdkit_conf_2,19,6,0.0008
Ac7_rdkit_conf_2,19,7,0.0022
Ac7_rdkit_conf_2,19,8,0.9241
Ac7_rdkit_conf_2,19,9,0.0000
Ac7_rdkit_conf_2,19,10,0.0134
Ac7_rdkit_conf_2,19,11,0.0001
Ac7_rdkit_conf_2,19,12,0.0004
Ac7_rdkit_conf_2,19,13,0.0002
Ac7_rdkit_conf_2,19,14,0.0000
Ac7_rdkit_conf_2,19,15,0.0002
Ac7_rdkit_conf_2,19,16,0.0004
Ac7_rdkit_conf_2,19,17,0.0138
Ac7_rdkit_conf_2,19,18,0.0014
Ac7_rdkit_conf_2,20,0,0.0003
Ac7_rdkit_conf_2,20,1,0.0015
Ac7_rdkit_conf_2,20,2,0.0003
Ac7_rdkit_conf_2,20,3,0.0008
Ac7_rdkit_conf_2,20,4,0.0093
Ac7_rdkit_conf_2,20,5,0.0002
Ac7_rdkit_conf_2,20,6,0.0097
Ac7_rdkit_conf_2,20,7,0.0012
Ac7_rdkit_conf_2,20,8,0.9234
Ac7_rdkit_conf_2,20,9,0.0000
Ac7_rdkit_conf_2,20,10,0.0012
Ac7_rdkit_conf_2,20,11,0.0006
Ac7_rdkit_conf_2,20,12,0.0001
Ac7_rdkit_conf_2,20,13,0.0000
Ac7_rdkit_conf_2,20,14,0.0004
Ac7_rdkit_conf_2,20,15,0.0005
Ac7_rdkit_conf_2,20,16,0.0001
Ac7_rdkit_conf_2,20,17,0.0013
Ac7_rdkit_conf_2,20,18,0.0015
Ac7_rdkit_conf_2,20,19,0.0002
